imc_final,ac_urico,sexo,categoria_imc
32.112881917253006,5.4,Hombre,Obesidad I
22.48888888888889,4.4,Mujer,Normal
28.284005183993788,4.8,Hombre,Sobrepeso
35.96986104274734,5.0,Mujer,Obesidad II
24.10318906142064,4.0,Mujer,Normal
29.324906636024128,3.2,Mujer,Sobrepeso
31.644014183342744,2.1,Mujer,Obesidad I
25.66027019351698,4.3,Mujer,Sobrepeso
28.507114900760644,5.5,Mujer,Sobrepeso
45.00855126016652,5.6,Hombre,Obesidad III
29.389609203798397,4.7,Hombre,Sobrepeso
27.279282166319494,3.7,Mujer,Sobrepeso
36.83083060613661,5.4,Mujer,Obesidad II
26.29270646024297,3.9,Mujer,Sobrepeso
27.529398600260414,5.2,Mujer,Sobrepeso
29.760460380685224,6.1,Hombre,Sobrepeso
29.1931941163052,3.8,Mujer,Sobrepeso
23.26574071174445,5.5,Hombre,Normal
26.385092297803904,7.5,Hombre,Sobrepeso
29.070693376412983,3.2,Mujer,Sobrepeso
30.1199417803118,4.9,Hombre,Obesidad I
38.15010566293309,4.4,Mujer,Obesidad II
35.24375743162901,4.6,Mujer,Obesidad II
28.72557561281228,15.1,Hombre,Sobrepeso
22.33004272548565,3.8,Mujer,Normal
35.75219048394097,5.6,Mujer,Obesidad II
24.39100693934151,4.5,Hombre,Normal
30.28632105914605,3.5,Mujer,Obesidad I
23.34484801168012,5.5,Mujer,Normal
43.32622966882227,3.6,Mujer,Obesidad III
36.60367850844042,6.3,Hombre,Obesidad II
28.739337433049,3.3,Mujer,Sobrepeso
30.47530339309737,5.9,Hombre,Obesidad I
36.24332010691881,4.9,Mujer,Obesidad II
27.098030570252803,3.6,Mujer,Sobrepeso
29.443541283186335,5.0,Mujer,Sobrepeso
27.45562130177515,4.3,Hombre,Sobrepeso
24.28479602708485,6.7,Hombre,Normal
21.939791824481667,3.1,Mujer,Normal
28.56290492433781,5.2,Hombre,Sobrepeso
30.693168980212743,4.1,Mujer,Obesidad I
33.75361995990198,9.9,Hombre,Obesidad I
24.44155525071149,5.2,Hombre,Normal
27.87282303640768,3.9,Mujer,Sobrepeso
26.652802682256574,7.6,Hombre,Sobrepeso
27.804038252943105,5.9,Hombre,Sobrepeso
22.954359136695324,4.9,Hombre,Normal
28.680142687277048,2.3,Mujer,Sobrepeso
17.499211747218595,3.3,Mujer,Bajo peso
30.8544387738862,6.0,Hombre,Obesidad I
33.84768541562967,3.9,Mujer,Obesidad I
22.37791624848377,3.8,Mujer,Normal
27.30476023320411,5.8,Mujer,Sobrepeso
22.254700982978825,3.9,Hombre,Normal
26.475047307100517,5.4,Hombre,Sobrepeso
32.79063829037853,8.4,Hombre,Obesidad I
17.20474541857559,3.5,Mujer,Bajo peso
27.7405497537588,5.6,Hombre,Sobrepeso
24.324116558412875,3.5,Mujer,Normal
35.17594396017237,4.7,Hombre,Obesidad II
23.265692905924254,3.7,Mujer,Normal
27.18193777014148,4.2,Mujer,Sobrepeso
31.312828811789743,3.4,Mujer,Obesidad I
24.742586985774707,5.4,Hombre,Normal
31.302392927907327,4.7,Mujer,Obesidad I
34.54484206670547,2.8,Mujer,Obesidad I
24.906277925908707,3.6,Mujer,Normal
26.35574825197733,4.2,Mujer,Sobrepeso
37.09262805582871,8.3,Hombre,Obesidad II
32.061804900069774,4.3,Mujer,Obesidad I
26.786244962017346,3.5,Mujer,Sobrepeso
33.31667153788926,3.3,Mujer,Obesidad I
36.487194419746736,6.9,Hombre,Obesidad II
27.61724725370796,6.6,Hombre,Sobrepeso
31.6927096435682,3.9,Mujer,Obesidad I
27.31708083001103,5.6,Hombre,Sobrepeso
33.1564405069953,2.6,Mujer,Obesidad I
24.918945589414477,2.7,Mujer,Normal
26.15399225566121,4.0,Hombre,Sobrepeso
25.709060920076016,4.3,Hombre,Sobrepeso
22.219054090125944,2.8,Mujer,Normal
29.367805895603837,4.0,Mujer,Sobrepeso
29.37711233993516,6.7,Hombre,Sobrepeso
27.09015321627934,5.9,Hombre,Sobrepeso
26.925639598032145,6.0,Hombre,Sobrepeso
26.462899972011755,5.2,Hombre,Sobrepeso
38.19015432739288,3.8,Mujer,Obesidad II
25.1581214698338,3.9,Mujer,Sobrepeso
30.06241218181224,4.7,Mujer,Obesidad I
26.775172879068982,2.0,Mujer,Sobrepeso
22.97645758006197,2.9,Mujer,Normal
23.931189562868543,4.7,Mujer,Normal
28.312297898384145,5.6,Mujer,Sobrepeso
26.446870126977057,4.4,Hombre,Sobrepeso
24.512103584162134,3.8,Mujer,Normal
32.618885865579685,4.8,Mujer,Obesidad I
46.2140134741116,6.6,Mujer,Obesidad III
28.934958659647545,5.6,Hombre,Sobrepeso
25.57752341311134,5.1,Hombre,Sobrepeso
34.29845776468057,4.3,Mujer,Obesidad I
23.454444037776444,4.7,Hombre,Normal
22.834722314774467,4.7,Hombre,Normal
27.68552342044136,5.6,Hombre,Sobrepeso
32.199762187871585,4.9,Mujer,Obesidad I
36.45669028610255,4.6,Mujer,Obesidad II
23.2234835133839,4.7,Mujer,Normal
39.18405526659207,4.0,Mujer,Obesidad II
31.520648562248677,5.6,Hombre,Obesidad I
25.744288456471832,4.6,Mujer,Sobrepeso
26.494417043671596,3.6,Mujer,Sobrepeso
41.0,4.2,Mujer,Obesidad III
40.32334253455612,4.4,Mujer,Obesidad III
29.65985946504168,4.6,Mujer,Sobrepeso
24.0,5.2,Mujer,Normal
27.63399682980544,3.7,Mujer,Sobrepeso
32.71546869325139,3.9,Mujer,Obesidad I
34.01531803938012,2.7,Mujer,Obesidad I
26.5011997606244,4.3,Mujer,Sobrepeso
29.30615988635473,4.4,Mujer,Sobrepeso
30.70337508071636,5.4,Hombre,Obesidad I
28.769416054428337,5.5,Mujer,Sobrepeso
35.582688445179585,7.0,Mujer,Obesidad II
24.75862267140664,4.9,Mujer,Normal
33.36788067876276,5.2,Hombre,Obesidad I
29.906859505973014,4.9,Mujer,Sobrepeso
46.83611710644315,6.1,Mujer,Obesidad III
29.75715786518261,5.5,Hombre,Sobrepeso
36.91987513007284,4.6,Mujer,Obesidad II
30.45101655169274,3.9,Mujer,Obesidad I
30.67011698518601,6.6,Mujer,Obesidad I
31.67360939512727,6.2,Hombre,Obesidad I
29.91177466517944,3.8,Mujer,Sobrepeso
24.35346446511881,6.6,Hombre,Normal
48.93104486600421,6.5,Mujer,Obesidad III
40.01009389058571,5.5,Hombre,Obesidad III
26.617323983566568,3.6,Mujer,Sobrepeso
25.0998453759075,4.0,Mujer,Sobrepeso
35.713911668290024,3.1,Mujer,Obesidad II
19.472443029635063,4.6,Hombre,Normal
33.96552249386051,3.2,Mujer,Obesidad I
32.645390187843965,9.8,Hombre,Obesidad I
27.696153677470285,4.4,Mujer,Sobrepeso
27.235520736135108,7.1,Hombre,Sobrepeso
32.2036351726568,5.7,Mujer,Obesidad I
28.376763869809253,3.5,Hombre,Sobrepeso
32.214271861507214,7.4,Mujer,Obesidad I
29.584510474712022,5.0,Mujer,Sobrepeso
36.14442885223865,5.8,Mujer,Obesidad II
34.80432236536804,5.9,Mujer,Obesidad I
35.99087269607232,4.9,Mujer,Obesidad II
28.206610950951603,4.5,Mujer,Sobrepeso
26.501295534217338,3.3,Mujer,Sobrepeso
32.0,4.1,Mujer,Obesidad I
25.59941579780113,3.9,Mujer,Sobrepeso
17.979389082152185,2.4,Mujer,Bajo peso
27.00964340128285,4.2,Mujer,Sobrepeso
27.318783615077056,4.5,Mujer,Sobrepeso
31.11822015413697,3.1,Mujer,Obesidad I
28.329088837548746,6.3,Hombre,Sobrepeso
20.030219026377445,4.8,Mujer,Normal
32.483797238485856,16.4,Hombre,Obesidad I
24.747468441358983,5.0,Mujer,Normal
24.63316454393492,4.2,Mujer,Normal
29.72995672337853,5.5,Mujer,Sobrepeso
45.04222335573514,6.7,Hombre,Obesidad III
27.15827363438209,5.2,Hombre,Sobrepeso
28.43505264827714,4.0,Mujer,Sobrepeso
28.124999999999996,6.6,Hombre,Sobrepeso
27.308315703405984,3.3,Mujer,Sobrepeso
29.41027829563576,5.4,Hombre,Sobrepeso
37.49048639063468,5.9,Mujer,Obesidad II
48.12933106745678,4.7,Mujer,Obesidad III
32.29841095113876,5.9,Mujer,Obesidad I
30.23406045309777,4.3,Mujer,Obesidad I
49.54377219058127,5.5,Mujer,Obesidad III
31.94783261399888,5.1,Mujer,Obesidad I
35.24639439854529,2.5,Mujer,Obesidad II
42.58153796895493,6.4,Mujer,Obesidad III
30.556544440488903,6.9,Hombre,Obesidad I
27.132550249593663,7.5,Hombre,Sobrepeso
38.47904485137076,5.5,Hombre,Obesidad II
27.96771620982987,3.9,Mujer,Sobrepeso
37.85639958376691,6.2,Mujer,Obesidad II
34.03360848360316,3.5,Mujer,Obesidad I
31.015637769838584,5.8,Hombre,Obesidad I
28.29931972789116,5.4,Mujer,Sobrepeso
33.05785123966942,3.8,Mujer,Obesidad I
36.95061362086817,3.4,Hombre,Obesidad II
35.06666666666667,5.4,Mujer,Obesidad II
23.573841063215305,4.9,Hombre,Normal
25.90745183579829,3.7,Mujer,Sobrepeso
26.31665060475294,4.7,Mujer,Sobrepeso
25.86821889765408,3.2,Mujer,Sobrepeso
33.16106678235788,5.1,Hombre,Obesidad I
26.57838378737293,6.1,Hombre,Sobrepeso
20.848034873304005,4.1,Hombre,Normal
20.232178795577745,5.2,Hombre,Normal
17.68990634755463,3.9,Mujer,Bajo peso
36.07817577087866,5.0,Mujer,Obesidad II
31.23813205295139,4.2,Mujer,Obesidad I
31.96670135275754,5.4,Mujer,Obesidad I
23.50724062685975,2.7,Mujer,Normal
22.456747404844297,4.8,Hombre,Normal
26.224709643783648,6.6,Hombre,Sobrepeso
28.483952104211305,3.9,Mujer,Sobrepeso
24.0,4.8,Hombre,Normal
34.50552586089629,6.9,Hombre,Obesidad I
35.327667052617834,5.0,Mujer,Obesidad II
25.14586761661208,3.2,Mujer,Sobrepeso
38.7039331096613,6.4,Mujer,Obesidad II
28.590561038809795,4.8,Hombre,Sobrepeso
25.94265034608169,3.5,Mujer,Sobrepeso
37.16344297282886,5.9,Mujer,Obesidad II
25.56447673463735,4.3,Mujer,Sobrepeso
25.48888888888889,5.0,Mujer,Sobrepeso
33.80725121927648,5.4,Mujer,Obesidad I
22.055031743618954,2.3,Mujer,Normal
24.70069313169502,4.8,Hombre,Normal
27.46479556681321,5.2,Mujer,Sobrepeso
34.75068690599523,4.1,Mujer,Obesidad I
28.301605150812524,4.5,Mujer,Sobrepeso
31.055792389317272,4.3,Mujer,Obesidad I
41.93448366685202,4.7,Mujer,Obesidad III
28.64639801384973,2.4,Mujer,Sobrepeso
33.4012294551918,5.7,Mujer,Obesidad I
31.513879465871504,4.4,Mujer,Obesidad I
34.97060553577443,4.3,Mujer,Obesidad I
27.30522682445759,5.8,Hombre,Sobrepeso
32.56945759657489,4.4,Mujer,Obesidad I
26.158943419647503,4.5,Hombre,Sobrepeso
26.735070759605783,7.1,Hombre,Sobrepeso
32.14272831428674,5.4,Mujer,Obesidad I
27.23960566702323,3.2,Mujer,Sobrepeso
32.297830374753445,4.7,Mujer,Obesidad I
27.099719895880487,5.1,Mujer,Sobrepeso
28.26107910396525,4.6,Mujer,Sobrepeso
23.55117789508737,5.9,Hombre,Normal
27.70156988263984,4.9,Hombre,Sobrepeso
26.496821971570288,4.3,Hombre,Sobrepeso
27.47474747474748,4.6,Mujer,Sobrepeso
25.969605420725244,3.3,Mujer,Sobrepeso
31.56905463710539,6.3,Mujer,Obesidad I
23.441687902989884,4.0,Mujer,Normal
33.16375788518233,6.3,Mujer,Obesidad I
26.76295141209376,5.0,Mujer,Sobrepeso
37.699712026940645,5.7,Mujer,Obesidad II
32.34086944695869,4.6,Mujer,Obesidad I
32.01486965251966,4.5,Mujer,Obesidad I
35.58652207300856,4.2,Mujer,Obesidad II
29.45352752647166,5.7,Hombre,Sobrepeso
24.158817968558527,3.3,Mujer,Normal
34.319412980609535,7.3,Mujer,Obesidad I
29.47511379431082,5.5,Mujer,Sobrepeso
38.30358024464085,6.8,Mujer,Obesidad II
33.36483815552094,3.3,Mujer,Obesidad I
28.9781922975294,3.6,Mujer,Sobrepeso
22.27820760639293,5.2,Mujer,Normal
37.49164588325428,5.1,Mujer,Obesidad II
26.95854290504496,4.8,Mujer,Sobrepeso
33.93001813201651,5.5,Mujer,Obesidad I
23.15745794631172,4.9,Hombre,Normal
35.53608042685503,4.6,Mujer,Obesidad II
27.483878051035493,7.2,Hombre,Sobrepeso
21.92255410473419,2.0,Mujer,Normal
30.69845046322493,2.9,Mujer,Obesidad I
41.12712649078925,4.8,Mujer,Obesidad III
30.417294656579223,4.0,Mujer,Obesidad I
28.45278482790004,4.0,Mujer,Sobrepeso
31.15264797507788,4.0,Mujer,Obesidad I
23.21260043311936,3.4,Mujer,Normal
25.56073313827956,5.2,Hombre,Sobrepeso
18.8952085393594,5.3,Mujer,Normal
19.334221981376512,5.0,Hombre,Normal
30.840112100005797,7.1,Hombre,Obesidad I
22.55463219452139,3.0,Mujer,Normal
24.221453287197225,3.4,Mujer,Normal
23.43948164881149,3.2,Mujer,Normal
33.99023269175524,2.7,Mujer,Obesidad I
36.34657450056502,3.7,Mujer,Obesidad II
28.457313493839965,6.1,Hombre,Sobrepeso
24.065096952908583,4.0,Hombre,Normal
36.324356037845405,4.2,Mujer,Obesidad II
29.29391960901233,5.5,Hombre,Sobrepeso
43.69528487503612,6.0,Mujer,Obesidad III
24.34072616041318,2.7,Mujer,Normal
34.589398051882775,4.1,Mujer,Obesidad I
33.91415975877957,8.0,Hombre,Obesidad I
29.275969903369557,6.2,Hombre,Sobrepeso
31.40948566467072,3.3,Mujer,Obesidad I
19.22392310430758,5.0,Mujer,Normal
19.530811302531383,4.1,Hombre,Normal
16.844255728248676,4.7,Mujer,Bajo peso
28.21414515654439,3.2,Mujer,Sobrepeso
21.835477245703167,2.6,Mujer,Normal
21.67140503772984,3.3,Mujer,Normal
27.88571428571429,5.7,Hombre,Sobrepeso
26.666368385141105,4.5,Mujer,Sobrepeso
29.830508474576277,3.4,Mujer,Sobrepeso
29.94462103739732,6.7,Mujer,Sobrepeso
30.485397611346453,4.6,Mujer,Obesidad I
45.725458657327536,4.3,Hombre,Obesidad III
26.28606072721152,6.5,Hombre,Sobrepeso
29.81584790779057,4.7,Hombre,Sobrepeso
28.19976382697795,6.0,Hombre,Sobrepeso
45.956561769739686,7.0,Hombre,Obesidad III
23.414790003007116,3.1,Mujer,Normal
34.76885330578513,7.6,Hombre,Obesidad I
37.93114055051478,8.1,Hombre,Obesidad II
28.47607382273738,6.4,Hombre,Sobrepeso
25.755579550069843,3.9,Hombre,Sobrepeso
42.872628490158704,4.2,Mujer,Obesidad III
33.11965811965811,5.5,Mujer,Obesidad I
22.62279471062601,6.1,Hombre,Normal
33.08704007571546,5.0,Mujer,Obesidad I
24.84212636573223,4.8,Mujer,Normal
23.437286829629453,5.1,Mujer,Normal
24.23729031925585,4.0,Mujer,Normal
30.634089045955868,4.4,Mujer,Obesidad I
20.831075539742358,3.9,Hombre,Normal
20.872263326683672,3.9,Mujer,Normal
28.951908069477277,7.2,Mujer,Sobrepeso
20.802177430978823,3.1,Mujer,Normal
26.18192053128794,2.9,Mujer,Sobrepeso
37.45425779254332,4.1,Mujer,Obesidad II
19.499172081432224,3.4,Hombre,Normal
36.75553822492297,6.0,Hombre,Obesidad II
29.42925089179548,3.6,Hombre,Sobrepeso
28.25736619697346,3.6,Mujer,Sobrepeso
29.789829236254462,3.5,Mujer,Sobrepeso
38.04765718064868,6.1,Mujer,Obesidad II
23.88424343532986,3.0,Mujer,Normal
29.58362188365651,2.2,Mujer,Sobrepeso
16.689337700646753,7.5,Mujer,Bajo peso
27.70761211134244,5.7,Hombre,Sobrepeso
23.276732735765684,6.1,Hombre,Normal
28.0,4.3,Mujer,Sobrepeso
31.75071681565188,6.4,Mujer,Obesidad I
37.3968188665966,5.0,Mujer,Obesidad II
31.46005509641874,2.7,Mujer,Obesidad I
26.98137326515705,6.6,Mujer,Sobrepeso
29.466666666666665,4.5,Mujer,Sobrepeso
25.09727432853347,4.9,Hombre,Sobrepeso
29.030466002562967,5.3,Hombre,Sobrepeso
30.679924751410915,3.5,Mujer,Obesidad I
28.365293089588924,4.3,Mujer,Sobrepeso
26.140688748733577,3.9,Hombre,Sobrepeso
26.87805243172061,4.5,Hombre,Sobrepeso
32.17503217503217,7.1,Mujer,Obesidad I
30.38710529792575,7.5,Hombre,Obesidad I
20.42475838149108,3.4,Mujer,Normal
27.8219556710251,4.4,Hombre,Sobrepeso
37.487694878780246,7.3,Mujer,Obesidad II
24.653556241435947,5.9,Hombre,Normal
30.989394604415686,5.4,Mujer,Obesidad I
29.00811570865131,8.7,Hombre,Sobrepeso
29.241689566998065,4.1,Mujer,Sobrepeso
19.62885547857272,4.2,Mujer,Normal
27.743144054504462,4.5,Mujer,Sobrepeso
31.7976198644752,5.0,Mujer,Obesidad I
39.72674921901464,6.3,Hombre,Obesidad II
31.411893170006813,7.2,Hombre,Obesidad I
31.7715354275314,6.3,Hombre,Obesidad I
23.30180004832344,4.3,Mujer,Normal
33.32921052925631,4.7,Mujer,Obesidad I
30.674740484429076,6.0,Hombre,Obesidad I
23.26532078150352,4.8,Mujer,Normal
26.605480273433937,2.8,Mujer,Sobrepeso
28.26320948699017,4.5,Hombre,Sobrepeso
26.86298332433607,6.0,Hombre,Sobrepeso
26.056031354332998,5.1,Hombre,Sobrepeso
21.711068880203666,6.1,Hombre,Normal
27.658806466859613,6.1,Hombre,Sobrepeso
29.907412882922767,2.9,Mujer,Sobrepeso
27.84516592176748,6.0,Hombre,Sobrepeso
30.69586756051852,4.9,Mujer,Obesidad I
40.69155367882056,6.3,Mujer,Obesidad III
27.10590611702325,4.1,Mujer,Sobrepeso
25.60689622262065,3.3,Mujer,Sobrepeso
22.784011086138,4.1,Hombre,Normal
29.607739407141977,4.4,Mujer,Sobrepeso
31.83879515296237,4.6,Mujer,Obesidad I
30.86778629188233,5.4,Hombre,Obesidad I
58.17076308010245,5.1,Mujer,Obesidad III
21.233279054238373,4.1,Mujer,Normal
29.555263651717024,5.4,Mujer,Sobrepeso
25.703938320247627,4.5,Mujer,Sobrepeso
29.127364292199456,4.0,Hombre,Sobrepeso
47.51787687115298,5.0,Mujer,Obesidad III
32.823956318679606,3.5,Mujer,Obesidad I
45.00855126016652,5.8,Mujer,Obesidad III
40.09494416948744,4.9,Mujer,Obesidad III
26.38447971781305,4.3,Hombre,Sobrepeso
24.990871840642622,3.1,Mujer,Normal
38.74917817225509,4.2,Mujer,Obesidad II
35.60275304834482,8.0,Hombre,Obesidad II
30.73035123050297,4.2,Mujer,Obesidad I
28.806319904830797,4.9,Mujer,Sobrepeso
28.8789757689682,5.0,Hombre,Sobrepeso
33.119727354133275,6.1,Hombre,Obesidad I
26.009837655436293,3.8,Mujer,Sobrepeso
25.654372397382517,3.7,Hombre,Sobrepeso
30.34560881830758,4.6,Mujer,Obesidad I
27.46433171540025,4.7,Hombre,Sobrepeso
26.651359219320188,3.1,Hombre,Sobrepeso
30.24942614363796,7.0,Hombre,Obesidad I
27.36800996344088,4.4,Mujer,Sobrepeso
40.78232709160299,7.8,Hombre,Obesidad III
33.40809829597081,4.8,Hombre,Obesidad I
34.08006712526165,4.6,Mujer,Obesidad I
28.462765658484283,4.3,Mujer,Sobrepeso
24.76688960287206,3.6,Mujer,Normal
30.677676640293225,4.0,Hombre,Obesidad I
27.910211861399016,5.1,Hombre,Sobrepeso
28.498456698960304,3.7,Mujer,Sobrepeso
44.08278465689913,6.8,Mujer,Obesidad III
25.25636917160711,6.9,Hombre,Sobrepeso
42.92002790256154,3.7,Hombre,Obesidad III
33.40693452573424,4.8,Hombre,Obesidad I
31.91940668097735,5.4,Mujer,Obesidad I
22.73662780348879,6.3,Hombre,Normal
32.19281521189017,5.1,Hombre,Obesidad I
34.359861591695505,5.4,Hombre,Obesidad I
34.015925080876784,8.9,Hombre,Obesidad I
35.00719322722881,4.1,Mujer,Obesidad II
31.225011730030857,5.2,Mujer,Obesidad I
17.938313921579702,8.8,Hombre,Bajo peso
25.38146854190929,5.9,Hombre,Sobrepeso
30.42949791328443,6.6,Hombre,Obesidad I
37.50761469246557,5.5,Mujer,Obesidad II
24.44588271493597,3.6,Mujer,Normal
23.860981102019828,2.6,Mujer,Normal
35.540446573437386,3.9,Mujer,Obesidad II
32.57991045008101,5.8,Mujer,Obesidad I
34.1729487333271,6.3,Hombre,Obesidad I
28.7428249824317,4.1,Hombre,Sobrepeso
21.455271321771857,3.3,Mujer,Normal
28.793185483940228,3.3,Mujer,Sobrepeso
39.33593749999999,2.7,Mujer,Obesidad II
30.13353489543966,6.0,Mujer,Obesidad I
25.0,4.0,Mujer,Sobrepeso
26.099376731301938,3.7,Mujer,Sobrepeso
41.21091880509219,7.8,Hombre,Obesidad III
32.006088767825666,2.5,Mujer,Obesidad I
28.42045741434369,4.6,Hombre,Sobrepeso
33.32150785609417,5.0,Mujer,Obesidad I
30.79720195407154,4.3,Mujer,Obesidad I
34.10823013824018,7.4,Mujer,Obesidad I
25.486806113586745,6.9,Hombre,Sobrepeso
23.98651792268484,3.7,Mujer,Normal
29.314035411484053,5.1,Hombre,Sobrepeso
37.828947368421055,3.9,Mujer,Obesidad II
25.54598781175333,3.8,Mujer,Sobrepeso
21.638905413444384,4.2,Hombre,Normal
23.13845644451749,3.1,Hombre,Normal
29.7127540173005,5.3,Mujer,Sobrepeso
37.93506580688961,4.8,Mujer,Obesidad II
26.40128586573647,5.9,Hombre,Sobrepeso
33.033431888146055,5.8,Hombre,Obesidad I
27.638572405805014,4.7,Hombre,Sobrepeso
29.73370064279156,4.8,Hombre,Sobrepeso
28.195337545981754,6.2,Hombre,Sobrepeso
27.06608081390849,5.3,Mujer,Sobrepeso
42.27499469169039,5.8,Mujer,Obesidad III
27.16770875881065,4.4,Mujer,Sobrepeso
30.434278945005023,2.6,Mujer,Obesidad I
29.01717297790179,6.8,Hombre,Sobrepeso
30.69886615342249,3.3,Mujer,Obesidad I
29.827651498094333,3.9,Mujer,Sobrepeso
33.40377499545053,4.2,Mujer,Obesidad I
31.514986275855318,5.7,Mujer,Obesidad I
30.415652099619805,4.3,Mujer,Obesidad I
33.63873176890387,3.9,Mujer,Obesidad I
38.12406780382564,5.0,Mujer,Obesidad II
31.088533781469835,4.7,Mujer,Obesidad I
27.881999210072067,6.6,Mujer,Sobrepeso
29.00828402366864,4.6,Mujer,Sobrepeso
27.705459137563583,6.1,Hombre,Sobrepeso
24.48353580413172,5.1,Hombre,Normal
38.41314968853209,3.9,Mujer,Obesidad II
29.497486109765862,6.0,Hombre,Sobrepeso
24.12818448254189,2.7,Mujer,Normal
36.48874262567136,7.8,Mujer,Obesidad II
26.387870838316424,5.5,Hombre,Sobrepeso
28.55132422883793,3.3,Mujer,Sobrepeso
29.642734471677063,3.5,Mujer,Sobrepeso
24.06923005345272,2.8,Mujer,Normal
27.096875244733337,6.4,Hombre,Sobrepeso
34.37396718732684,6.2,Hombre,Obesidad I
26.156653679451534,5.4,Hombre,Sobrepeso
32.29221296350252,5.6,Mujer,Obesidad I
26.103486450222757,7.1,Hombre,Sobrepeso
22.89831260681945,5.8,Hombre,Normal
44.16000649113554,4.6,Mujer,Obesidad III
34.193147520107104,4.6,Mujer,Obesidad I
28.705325443786982,8.1,Hombre,Sobrepeso
24.15092961911629,4.4,Hombre,Normal
34.0,4.6,Mujer,Obesidad I
44.30635166673216,6.6,Mujer,Obesidad III
27.557211166661222,3.0,Mujer,Sobrepeso
20.794140360055824,4.3,Hombre,Normal
28.993367951316408,3.8,Mujer,Sobrepeso
24.53481452092839,4.7,Hombre,Normal
32.12685817375857,3.7,Mujer,Obesidad I
30.743801652892568,3.1,Mujer,Obesidad I
29.748017740636037,3.7,Mujer,Sobrepeso
38.13325683779108,3.5,Hombre,Obesidad II
37.588585835840725,3.1,Mujer,Obesidad II
27.665537392851743,4.8,Mujer,Sobrepeso
24.557084975199537,4.4,Hombre,Normal
32.872419889805656,5.4,Mujer,Obesidad I
26.84970414201184,5.3,Hombre,Sobrepeso
28.85040885467872,6.1,Mujer,Sobrepeso
28.571151289292608,3.7,Mujer,Sobrepeso
24.739731907564074,3.0,Hombre,Normal
28.01238034192864,6.3,Mujer,Sobrepeso
23.3623868884909,3.8,Mujer,Normal
28.81543193287348,4.7,Hombre,Sobrepeso
32.50908557723526,5.2,Mujer,Obesidad I
30.84289575325684,5.8,Hombre,Obesidad I
20.12720248717786,5.7,Hombre,Normal
24.0198502976582,3.3,Mujer,Normal
34.816571059844534,5.1,Hombre,Obesidad I
31.21304925786385,8.8,Hombre,Obesidad I
29.615031880513584,6.7,Hombre,Sobrepeso
28.19460413324604,3.7,Mujer,Sobrepeso
36.17699227045407,4.6,Mujer,Obesidad II
27.425177621241943,3.5,Mujer,Sobrepeso
34.85615444955335,5.3,Hombre,Obesidad I
28.87805630823836,2.7,Mujer,Sobrepeso
40.311655355172114,4.4,Mujer,Obesidad III
33.16586020219534,4.3,Mujer,Obesidad I
31.34666197729261,5.9,Mujer,Obesidad I
25.118702178639648,5.6,Hombre,Sobrepeso
23.54515756940714,5.4,Hombre,Normal
29.831427865501663,6.5,Hombre,Sobrepeso
29.725609756097565,7.2,Hombre,Sobrepeso
28.98997370151216,4.1,Mujer,Sobrepeso
30.580300393369583,3.6,Mujer,Obesidad I
20.125727153312067,2.1,Mujer,Normal
35.58717061000508,5.4,Mujer,Obesidad II
23.74291115311909,4.2,Hombre,Normal
24.518140589569164,5.2,Hombre,Normal
35.80638746496302,3.7,Mujer,Obesidad II
21.27099688610149,4.4,Mujer,Normal
31.28759788642712,4.1,Mujer,Obesidad I
25.78320269843966,3.6,Mujer,Sobrepeso
29.758871275075528,3.4,Mujer,Sobrepeso
31.989750164354778,6.0,Hombre,Obesidad I
31.524674279598973,2.8,Mujer,Obesidad I
21.790926832772595,3.9,Mujer,Normal
35.692523414089635,5.0,Mujer,Obesidad II
24.0,4.5,Hombre,Normal
37.31792690729798,6.8,Mujer,Obesidad II
23.69456284626829,6.1,Hombre,Normal
31.667755787118924,5.0,Hombre,Obesidad I
29.617555582737435,4.6,Hombre,Sobrepeso
26.92284264842805,5.7,Hombre,Sobrepeso
23.06725466975683,4.4,Mujer,Normal
29.52544670201819,2.9,Mujer,Sobrepeso
21.0184355201949,3.0,Mujer,Normal
34.98351721722333,2.9,Mujer,Obesidad I
39.23277957289703,5.8,Hombre,Obesidad II
25.51323128040821,3.9,Hombre,Sobrepeso
36.47002901211296,4.4,Mujer,Obesidad II
37.0678963219696,3.0,Mujer,Obesidad II
28.87572256941626,7.7,Hombre,Sobrepeso
30.411434558844466,6.0,Hombre,Obesidad I
49.88912349202644,4.8,Mujer,Obesidad III
37.524866490572734,6.9,Hombre,Obesidad II
23.8165858955539,5.3,Hombre,Normal
42.263265338013774,5.6,Mujer,Obesidad III
26.38411384987925,6.1,Mujer,Sobrepeso
25.544959128065383,4.3,Mujer,Sobrepeso
24.90973264635482,3.7,Mujer,Normal
31.953769015042063,3.3,Mujer,Obesidad I
24.0,3.3,Mujer,Normal
30.97863517094838,5.0,Mujer,Obesidad I
27.73333333333333,2.6,Mujer,Sobrepeso
25.852044825235406,4.0,Mujer,Sobrepeso
33.865111105011714,5.3,Mujer,Obesidad I
22.22433951030575,5.4,Mujer,Normal
24.98110534935841,5.0,Mujer,Normal
31.84868567609712,5.3,Mujer,Obesidad I
26.570338411507656,5.2,Hombre,Sobrepeso
25.0,6.4,Hombre,Sobrepeso
31.974417333306175,4.8,Mujer,Obesidad I
26.783734377886397,4.9,Hombre,Sobrepeso
28.03775140751623,6.2,Hombre,Sobrepeso
20.38049940546968,3.9,Mujer,Normal
25.593048621315976,6.0,Hombre,Sobrepeso
35.35514066048469,4.5,Mujer,Obesidad II
24.634434107047312,3.1,Mujer,Normal
30.98778214592341,4.1,Mujer,Obesidad I
28.035641017548286,6.0,Mujer,Sobrepeso
30.264206522945315,4.5,Hombre,Obesidad I
30.86390532544379,4.5,Mujer,Obesidad I
17.428222931131547,3.2,Mujer,Bajo peso
34.7762830872197,4.6,Mujer,Obesidad I
27.47097827227714,5.6,Hombre,Sobrepeso
27.096172256632272,5.0,Mujer,Sobrepeso
24.70703125,3.1,Mujer,Normal
28.112690221620912,3.8,Mujer,Sobrepeso
30.639702595153057,3.3,Mujer,Obesidad I
27.962447028586286,3.7,Mujer,Sobrepeso
30.06875803500666,6.3,Mujer,Obesidad I
39.47325425611868,5.2,Mujer,Obesidad II
34.34988965595292,4.9,Mujer,Obesidad I
23.459795687777373,2.5,Mujer,Normal
31.59041394335512,3.1,Mujer,Obesidad I
31.972281917459764,4.1,Mujer,Obesidad I
27.28033400617635,5.6,Hombre,Sobrepeso
22.60551965348384,4.0,Mujer,Normal
28.278921092188902,7.5,Hombre,Sobrepeso
24.391226418309973,4.0,Mujer,Normal
26.75667802088937,4.0,Mujer,Sobrepeso
30.75348010349042,4.2,Mujer,Obesidad I
32.6126123386664,6.0,Hombre,Obesidad I
40.970641564754445,4.1,Mujer,Obesidad III
34.38188411177941,4.4,Mujer,Obesidad I
26.67094525046565,7.7,Hombre,Sobrepeso
35.51131017351048,3.0,Mujer,Obesidad II
31.161586406239422,5.8,Mujer,Obesidad I
29.0,3.6,Mujer,Sobrepeso
22.325388625754925,4.7,Hombre,Normal
31.76312739022097,3.8,Mujer,Obesidad I
29.06410113611049,4.7,Hombre,Sobrepeso
27.503645378997945,5.0,Mujer,Sobrepeso
23.11049394961317,6.7,Hombre,Normal
26.699218749999996,6.0,Mujer,Sobrepeso
26.63724547416687,4.7,Mujer,Sobrepeso
52.087311115591966,6.5,Hombre,Obesidad III
36.31082062454612,6.0,Hombre,Obesidad II
27.810098183364577,6.2,Mujer,Sobrepeso
25.59145918244109,9.7,Hombre,Sobrepeso
34.133013846296535,3.7,Mujer,Obesidad I
28.203026359864985,4.1,Mujer,Sobrepeso
27.75192953629653,5.7,Hombre,Sobrepeso
45.18127929984155,2.9,Mujer,Obesidad III
35.48559596555336,4.0,Hombre,Obesidad II
40.07346189164371,6.2,Hombre,Obesidad III
27.12673611111111,5.6,Mujer,Sobrepeso
32.30526534380131,5.5,Mujer,Obesidad I
26.322120739585653,5.1,Hombre,Sobrepeso
23.48471110305138,5.5,Hombre,Normal
39.19318349781752,5.3,Mujer,Obesidad II
36.35000669030708,4.8,Mujer,Obesidad II
25.50532544378698,3.4,Mujer,Sobrepeso
26.611841406697955,3.9,Hombre,Sobrepeso
26.73140679249223,6.1,Hombre,Sobrepeso
29.36896018915856,4.3,Mujer,Sobrepeso
17.60937292297255,3.6,Mujer,Bajo peso
32.26948229575917,3.1,Mujer,Obesidad I
21.709763760888837,4.0,Hombre,Normal
32.84108888798734,6.1,Mujer,Obesidad I
23.393849691231495,5.8,Hombre,Normal
26.95334488581804,3.7,Mujer,Sobrepeso
26.510179786941787,5.0,Hombre,Sobrepeso
27.19923354995609,6.6,Mujer,Sobrepeso
26.08067022445762,3.3,Mujer,Sobrepeso
27.92166566795555,3.8,Mujer,Sobrepeso
20.777495278800263,3.3,Mujer,Normal
26.68883641175962,4.2,Mujer,Sobrepeso
23.2445945353274,2.8,Mujer,Normal
27.53672145278337,4.6,Mujer,Sobrepeso
27.91546171943928,4.1,Mujer,Sobrepeso
36.40802171242022,3.6,Mujer,Obesidad II
34.70557242734769,6.3,Hombre,Obesidad I
42.23619761591597,3.8,Mujer,Obesidad III
36.516518698014224,7.7,Hombre,Obesidad II
20.14817311174172,2.9,Mujer,Normal
34.57818149535123,3.6,Mujer,Obesidad I
32.0590620595701,5.9,Mujer,Obesidad I
36.65351742274819,3.2,Mujer,Obesidad II
32.03895937459951,5.5,Hombre,Obesidad I
40.008974858586924,5.2,Mujer,Obesidad III
25.7187224421572,2.8,Mujer,Sobrepeso
23.26504581424406,4.5,Hombre,Normal
25.126367801098677,2.9,Mujer,Sobrepeso
28.044077134986228,6.7,Hombre,Sobrepeso
18.563896933244223,3.4,Mujer,Normal
39.93751001442076,3.2,Mujer,Obesidad II
30.18295865615483,0.8,Hombre,Obesidad I
27.50389445900533,4.6,Hombre,Sobrepeso
28.31970562185915,4.2,Mujer,Sobrepeso
28.24786458466633,5.8,Hombre,Sobrepeso
36.17779691348749,3.6,Mujer,Obesidad II
39.40790118615822,4.9,Mujer,Obesidad II
39.51914927658208,6.8,Hombre,Obesidad II
28.94826963137312,8.7,Mujer,Sobrepeso
32.39798194949735,6.1,Hombre,Obesidad I
33.48751755312476,4.1,Hombre,Obesidad I
24.51219800972052,5.7,Hombre,Normal
29.047369064625617,3.7,Mujer,Sobrepeso
37.78452932098765,5.3,Mujer,Obesidad II
31.10064749907897,2.8,Mujer,Obesidad I
30.078124999999996,6.7,Mujer,Obesidad I
21.86070267559551,5.7,Hombre,Normal
38.55551994872616,5.3,Mujer,Obesidad II
21.621669740721423,6.7,Hombre,Normal
26.72216441207076,4.5,Mujer,Sobrepeso
24.44465391020203,3.5,Mujer,Normal
25.737327859783967,3.4,Mujer,Sobrepeso
27.22232922612588,5.7,Hombre,Sobrepeso
40.98598263289444,5.5,Mujer,Obesidad III
37.69668786149531,7.8,Hombre,Obesidad II
42.70248865741362,7.2,Mujer,Obesidad III
20.39877715553391,6.1,Hombre,Normal
34.26032866464598,3.4,Mujer,Obesidad I
30.93450112626153,8.8,Hombre,Obesidad I
28.207217832249405,3.0,Mujer,Sobrepeso
41.16764019073658,3.5,Mujer,Obesidad III
30.044756913693774,4.6,Mujer,Obesidad I
48.30842995019323,3.6,Mujer,Obesidad III
28.96605929319748,4.0,Mujer,Sobrepeso
28.44874139953332,4.2,Mujer,Sobrepeso
29.726766739753756,7.3,Hombre,Sobrepeso
26.96290595278676,3.6,Mujer,Sobrepeso
29.699668684596407,6.1,Mujer,Sobrepeso
36.3128751269536,2.9,Mujer,Obesidad II
37.66619262448261,4.8,Mujer,Obesidad II
29.43868737911785,4.8,Mujer,Sobrepeso
24.22177872889775,3.5,Hombre,Normal
30.58533992149269,6.0,Hombre,Obesidad I
37.285990252771406,5.4,Mujer,Obesidad II
31.617563436093807,4.7,Mujer,Obesidad I
32.85933411291106,5.2,Hombre,Obesidad I
34.1164184086003,6.1,Hombre,Obesidad I
27.858825296154677,5.1,Mujer,Sobrepeso
30.74155687361843,3.7,Mujer,Obesidad I
31.3145055357478,7.4,Mujer,Obesidad I
24.193993443780972,4.1,Mujer,Normal
31.262077380217683,4.5,Mujer,Obesidad I
19.6582705982297,5.1,Hombre,Normal
26.72359139388006,4.7,Hombre,Sobrepeso
26.41120077402802,8.6,Hombre,Sobrepeso
27.79860473509846,3.7,Mujer,Sobrepeso
28.77067664767939,5.8,Hombre,Sobrepeso
44.75587410731051,3.9,Mujer,Obesidad III
24.472569521105257,4.4,Hombre,Normal
30.189822928247946,4.5,Mujer,Obesidad I
30.41161431206597,4.1,Mujer,Obesidad I
47.11792514630099,8.2,Hombre,Obesidad III
29.50807331852912,2.9,Mujer,Sobrepeso
41.06809512214917,5.5,Mujer,Obesidad III
31.887125220458557,4.0,Mujer,Obesidad I
27.249390979668966,2.2,Mujer,Sobrepeso
25.92338441764969,3.8,Mujer,Sobrepeso
31.093309690930933,4.6,Hombre,Obesidad I
27.62894036010992,4.1,Mujer,Sobrepeso
32.722917894607455,5.4,Mujer,Obesidad I
33.683889650967835,5.4,Mujer,Obesidad I
28.82152266022411,3.0,Mujer,Sobrepeso
26.589440855424368,4.3,Hombre,Sobrepeso
30.477996151425817,6.0,Hombre,Obesidad I
27.526016408964548,6.4,Hombre,Sobrepeso
27.597893933434605,2.6,Hombre,Sobrepeso
33.30651633880266,9.2,Hombre,Obesidad I
29.12193558724563,5.2,Mujer,Sobrepeso
25.24672042494446,2.2,Mujer,Sobrepeso
27.94136027780143,4.2,Mujer,Sobrepeso
20.19283129447204,2.2,Mujer,Normal
38.485525238573416,5.1,Mujer,Obesidad II
28.170881988926567,4.2,Mujer,Sobrepeso
29.84654805215225,3.9,Mujer,Sobrepeso
43.17368231616612,5.5,Mujer,Obesidad III
31.263256000644656,5.1,Mujer,Obesidad I
30.853178627936224,9.6,Mujer,Obesidad I
26.79351123039819,7.0,Hombre,Sobrepeso
26.302040816326528,7.3,Hombre,Sobrepeso
28.77334099396725,5.2,Mujer,Sobrepeso
28.023165183259632,4.5,Mujer,Sobrepeso
31.38472467176172,4.5,Mujer,Obesidad I
37.41535260848299,3.4,Mujer,Obesidad II
23.625395001436367,4.1,Mujer,Normal
32.58670284778158,7.9,Hombre,Obesidad I
28.400100781053165,5.8,Mujer,Sobrepeso
30.85446601504437,4.1,Mujer,Obesidad I
25.929424142610344,5.8,Mujer,Sobrepeso
29.328032563003426,7.8,Hombre,Sobrepeso
33.399617868090644,8.1,Hombre,Obesidad I
29.88630020788559,3.9,Mujer,Sobrepeso
52.50619213387421,6.4,Hombre,Obesidad III
27.74960444642785,5.3,Mujer,Sobrepeso
31.124213908233767,4.8,Mujer,Obesidad I
33.85590125913859,3.6,Mujer,Obesidad I
29.358267994631635,4.5,Mujer,Sobrepeso
32.83983471951478,4.9,Hombre,Obesidad I
25.749053624745,3.2,Mujer,Sobrepeso
29.620181405895693,6.6,Hombre,Sobrepeso
34.71026679537064,8.8,Hombre,Obesidad I
38.24187928784377,5.7,Mujer,Obesidad II
22.49691228858109,4.6,Mujer,Normal
26.57347162275333,6.6,Hombre,Sobrepeso
27.668940019969117,5.7,Hombre,Sobrepeso
28.43235725874991,4.0,Mujer,Sobrepeso
35.91911016391087,7.3,Hombre,Obesidad II
26.95063458855232,3.2,Mujer,Sobrepeso
25.64408332097947,7.4,Hombre,Sobrepeso
28.55075976234017,7.2,Hombre,Sobrepeso
31.054687499999996,3.7,Mujer,Obesidad I
24.08249779079944,3.3,Hombre,Normal
26.20670627341876,3.0,Mujer,Sobrepeso
25.18462609907524,4.7,Hombre,Sobrepeso
30.156088967689406,4.9,Mujer,Obesidad I
33.76841323092084,4.5,Mujer,Obesidad I
35.41588726773911,5.9,Mujer,Obesidad II
23.27835133103912,3.1,Hombre,Normal
52.23859137919466,7.5,Hombre,Obesidad III
31.31479525398343,5.6,Hombre,Obesidad I
35.7504348424249,3.5,Mujer,Obesidad II
37.549283434507785,4.6,Mujer,Obesidad II
27.726168172049164,5.8,Hombre,Sobrepeso
24.329729230462167,5.6,Hombre,Normal
31.7602990530655,3.3,Mujer,Obesidad I
43.76374547956154,4.6,Mujer,Obesidad III
33.48636240885768,7.1,Hombre,Obesidad I
33.232069452304394,6.1,Mujer,Obesidad I
31.0,3.9,Mujer,Obesidad I
27.10851315004265,5.1,Mujer,Sobrepeso
35.50264596853014,3.9,Mujer,Obesidad II
36.31109232162773,5.6,Mujer,Obesidad II
31.905117840405826,3.2,Mujer,Obesidad I
28.353057199211044,6.9,Hombre,Sobrepeso
18.218322427126715,2.7,Mujer,Bajo peso
28.207217832249405,5.7,Mujer,Sobrepeso
27.139166911197915,4.2,Hombre,Sobrepeso
33.7827397859193,7.1,Hombre,Obesidad I
35.27092870261232,3.6,Mujer,Obesidad II
36.90518571259048,5.0,Mujer,Obesidad II
27.46042741493575,6.4,Hombre,Sobrepeso
34.0,7.8,Hombre,Obesidad I
35.24976953477971,2.5,Mujer,Obesidad II
27.983740449395917,8.5,Hombre,Sobrepeso
27.290303390838798,7.1,Hombre,Sobrepeso
35.7361623375777,5.6,Mujer,Obesidad II
28.94915469188876,6.8,Hombre,Sobrepeso
29.88700507303331,5.3,Hombre,Sobrepeso
24.6148468148476,3.9,Mujer,Normal
31.77809574577524,4.8,Mujer,Obesidad I
32.99271271557393,3.8,Mujer,Obesidad I
42.84149458395878,6.0,Mujer,Obesidad III
32.68726612174197,4.5,Hombre,Obesidad I
25.62751948400968,5.5,Mujer,Sobrepeso
22.563214852272974,5.5,Mujer,Normal
36.79071491007996,3.9,Mujer,Obesidad II
29.77777777777778,5.7,Mujer,Sobrepeso
32.577777777777776,4.9,Mujer,Obesidad I
13.366503626243889,3.3,Mujer,Bajo peso
46.30519071361333,7.7,Hombre,Obesidad III
26.94320671819826,4.8,Hombre,Sobrepeso
26.684130734923464,5.5,Mujer,Sobrepeso
41.0,4.9,Mujer,Obesidad III
52.4580695035577,7.1,Hombre,Obesidad III
34.236172116813485,9.0,Hombre,Obesidad I
40.06334759203774,5.2,Mujer,Obesidad III
36.12574709027996,6.0,Mujer,Obesidad II
31.899127075011336,4.9,Mujer,Obesidad I
33.68409382766235,6.1,Hombre,Obesidad I
19.022277077160776,4.7,Hombre,Normal
24.65528591654717,3.6,Hombre,Normal
23.5457914457116,3.8,Mujer,Normal
23.01490396728492,3.6,Hombre,Normal
37.5817681082168,5.2,Mujer,Obesidad II
25.681259502826464,4.8,Hombre,Sobrepeso
29.30192473427176,4.4,Hombre,Sobrepeso
32.67968286647262,6.4,Hombre,Obesidad I
28.173139121882063,5.1,Mujer,Sobrepeso
28.062742901158927,7.3,Hombre,Sobrepeso
44.19318379539396,5.4,Mujer,Obesidad III
32.545828840309774,3.7,Mujer,Obesidad I
29.79497087376069,5.0,Hombre,Sobrepeso
20.29347654049102,6.9,Hombre,Normal
24.594960438605213,6.1,Hombre,Normal
14.348404394591594,4.8,Hombre,Bajo peso
33.84712786422189,2.3,Hombre,Obesidad I
29.65324067823768,3.9,Hombre,Sobrepeso
46.01225259935311,5.0,Mujer,Obesidad III
34.82233151801811,4.8,Mujer,Obesidad I
19.562288891040723,6.1,Hombre,Normal
27.8640357311686,4.7,Hombre,Sobrepeso
26.611154212174743,4.7,Mujer,Sobrepeso
28.38874910946983,4.8,Mujer,Sobrepeso
31.971983022040728,3.6,Mujer,Obesidad I
28.02417005948052,4.7,Mujer,Sobrepeso
29.91486605671022,5.1,Hombre,Sobrepeso
29.412618548132027,3.1,Mujer,Sobrepeso
27.922043942674364,6.1,Hombre,Sobrepeso
22.177218653923536,3.0,Mujer,Normal
36.57535651995487,8.5,Hombre,Obesidad II
31.620800984096903,3.9,Mujer,Obesidad I
31.111555954561524,4.6,Hombre,Obesidad I
30.86807657176092,6.2,Mujer,Obesidad I
29.691060384114586,5.1,Mujer,Sobrepeso
26.450952042290808,3.7,Mujer,Sobrepeso
30.12628887597761,5.3,Mujer,Obesidad I
27.72955304653919,4.3,Mujer,Sobrepeso
45.38269665868643,4.5,Hombre,Obesidad III
38.611660721537895,5.7,Mujer,Obesidad II
35.0845182395183,3.9,Mujer,Obesidad II
27.50199300367439,8.9,Hombre,Sobrepeso
26.789062499999996,6.3,Mujer,Sobrepeso
26.68877988687816,4.8,Mujer,Sobrepeso
38.45791309265718,5.4,Mujer,Obesidad II
29.6815465584825,4.6,Mujer,Sobrepeso
50.250842058274486,4.5,Hombre,Obesidad III
26.636621117345427,5.7,Mujer,Sobrepeso
31.6754845429296,5.7,Mujer,Obesidad I
28.2929974211466,3.7,Mujer,Sobrepeso
31.199569661108125,4.3,Mujer,Obesidad I
25.13674242369125,5.3,Hombre,Sobrepeso
31.68413588676929,6.0,Hombre,Obesidad I
27.190518539390148,3.6,Mujer,Sobrepeso
23.16093285111084,5.4,Mujer,Normal
28.69927159209157,2.6,Hombre,Sobrepeso
22.28292834438049,3.3,Mujer,Normal
31.35111758788066,3.4,Mujer,Obesidad I
29.50813480260238,4.8,Hombre,Sobrepeso
28.67238256860982,4.8,Mujer,Sobrepeso
36.66074813923854,5.5,Mujer,Obesidad II
23.071767603248936,2.5,Mujer,Normal
30.98783991504343,5.0,Mujer,Obesidad I
40.4726489962214,10.1,Hombre,Obesidad III
22.942732295776626,2.7,Mujer,Normal
29.535066057208688,5.9,Hombre,Sobrepeso
39.60834780075028,3.3,Hombre,Obesidad II
34.48109567901235,4.8,Mujer,Obesidad I
25.94834065108184,6.3,Hombre,Sobrepeso
31.269099863692723,5.5,Hombre,Obesidad I
21.74084222735176,3.7,Mujer,Normal
36.40236418597674,4.2,Hombre,Obesidad II
31.66540896264757,4.8,Mujer,Obesidad I
35.12822298958095,4.8,Mujer,Obesidad II
24.617038430529437,4.4,Mujer,Normal
22.2234989945418,2.1,Mujer,Normal
26.98042057282424,4.8,Hombre,Sobrepeso
24.79654306251625,6.3,Hombre,Normal
28.34724072235568,2.4,Mujer,Sobrepeso
33.22110490934106,1.9,Mujer,Obesidad I
37.22981986323876,5.2,Mujer,Obesidad II
28.98652254612261,4.2,Mujer,Sobrepeso
33.99042000176058,3.8,Mujer,Obesidad I
20.70465390928711,3.0,Mujer,Normal
34.12929255019704,3.6,Mujer,Obesidad I
33.234422182547554,6.4,Hombre,Obesidad I
32.88315160750096,6.3,Hombre,Obesidad I
20.6401384083045,4.9,Hombre,Normal
39.330246014558526,5.7,Hombre,Obesidad II
33.869659275283944,6.0,Hombre,Obesidad I
29.67235051986541,3.5,Hombre,Sobrepeso
26.359840461595297,5.5,Hombre,Sobrepeso
34.48695660265289,4.0,Mujer,Obesidad I
25.93365182952327,4.5,Hombre,Sobrepeso
32.54533562377362,5.7,Hombre,Obesidad I
31.4880540166205,5.0,Mujer,Obesidad I
21.00684116597264,3.6,Mujer,Normal
25.671639712895345,4.6,Mujer,Sobrepeso
24.834880626041723,4.9,Mujer,Normal
26.299116862380306,4.0,Mujer,Sobrepeso
18.561237131017982,3.2,Mujer,Normal
24.478411310172163,4.0,Mujer,Normal
38.5509407482128,3.3,Mujer,Obesidad II
39.98068669883341,4.0,Mujer,Obesidad II
36.04057881944651,4.0,Mujer,Obesidad II
30.792324232220377,5.8,Mujer,Obesidad I
26.064210169746698,4.1,Mujer,Sobrepeso
34.91778113491274,4.4,Mujer,Obesidad I
33.91522358958368,3.7,Hombre,Obesidad I
27.25626035523277,6.0,Hombre,Sobrepeso
27.7476756710675,4.5,Mujer,Sobrepeso
24.9551719381638,4.4,Mujer,Normal
44.13129580627506,7.0,Hombre,Obesidad III
27.330220991207984,5.9,Hombre,Sobrepeso
31.9268824764012,2.9,Mujer,Obesidad I
19.569789796267976,3.7,Mujer,Normal
34.25046668289912,6.7,Hombre,Obesidad I
27.705606973096582,3.3,Mujer,Sobrepeso
29.24141975890491,4.2,Mujer,Sobrepeso
29.38775510204082,2.6,Mujer,Sobrepeso
35.33624611503986,4.2,Mujer,Obesidad II
28.883454208129532,4.6,Mujer,Sobrepeso
33.28279216525461,6.8,Hombre,Obesidad I
23.814852825574288,5.1,Hombre,Normal
33.16935460555003,4.6,Mujer,Obesidad I
45.27761512244193,4.7,Hombre,Obesidad III
22.75636180398085,4.7,Hombre,Normal
41.23938471398814,4.4,Mujer,Obesidad III
24.89430747419098,4.7,Mujer,Normal
30.0,7.8,Hombre,Obesidad I
26.083458853067174,5.8,Hombre,Sobrepeso
29.737068873288468,4.8,Mujer,Sobrepeso
41.32849083299293,6.8,Hombre,Obesidad III
31.154530688618205,3.3,Mujer,Obesidad I
48.09271856890905,6.1,Mujer,Obesidad III
25.57753681579097,3.2,Mujer,Sobrepeso
28.26379723108776,7.2,Hombre,Sobrepeso
23.085399449035812,8.3,Hombre,Normal
31.549540906251178,4.3,Mujer,Obesidad I
25.70643679612189,4.1,Mujer,Sobrepeso
17.0,3.9,Mujer,Bajo peso
22.407644678395776,2.9,Mujer,Normal
24.68689609680423,4.4,Hombre,Normal
24.789515457664027,5.2,Mujer,Normal
30.0,3.9,Mujer,Obesidad I
31.05042949857881,3.6,Mujer,Obesidad I
26.56451410153032,3.3,Mujer,Sobrepeso
30.34306738935184,5.2,Hombre,Obesidad I
35.89865203252094,4.1,Mujer,Obesidad II
39.04978434783051,4.1,Mujer,Obesidad II
32.65448701167284,5.8,Mujer,Obesidad I
39.73643176902571,3.5,Mujer,Obesidad II
27.075667715955287,7.5,Hombre,Sobrepeso
25.1602954305657,5.8,Hombre,Sobrepeso
30.297395647287757,3.0,Mujer,Obesidad I
40.45635844525047,4.9,Mujer,Obesidad III
28.305014443882367,3.4,Mujer,Sobrepeso
23.3698921745569,3.0,Mujer,Normal
29.56842412405852,6.4,Hombre,Sobrepeso
27.35559207504415,5.2,Mujer,Sobrepeso
28.823529411764707,5.4,Hombre,Sobrepeso
30.382435605748714,4.5,Mujer,Obesidad I
22.27377145173641,4.3,Mujer,Normal
22.962763892621457,6.3,Hombre,Normal
32.72840838159149,4.2,Mujer,Obesidad I
30.412285512557137,3.0,Mujer,Obesidad I
15.0,3.9,Mujer,Bajo peso
21.206073203055684,5.4,Hombre,Normal
25.01824632071027,8.4,Hombre,Sobrepeso
24.88697539693378,3.6,Mujer,Normal
35.71705847493037,5.2,Mujer,Obesidad II
31.613672613421556,5.9,Mujer,Obesidad I
16.103776695496027,5.4,Mujer,Bajo peso
32.49710702445738,5.8,Hombre,Obesidad I
28.913029542054705,7.5,Hombre,Sobrepeso
36.33130343979074,3.4,Mujer,Obesidad II
30.74913760347435,3.7,Mujer,Obesidad I
33.0,6.0,Hombre,Obesidad I
26.754050211688977,4.1,Hombre,Sobrepeso
23.512016137129088,3.8,Hombre,Normal
31.616596301910988,7.2,Hombre,Obesidad I
39.32918172374689,4.1,Mujer,Obesidad II
26.096850151610276,4.3,Mujer,Sobrepeso
28.91821148122916,4.8,Hombre,Sobrepeso
25.27693974303719,4.4,Mujer,Sobrepeso
31.29941284073176,6.9,Hombre,Obesidad I
33.09066843150232,4.0,Mujer,Obesidad I
28.055705786911847,4.5,Mujer,Sobrepeso
23.343554497731084,3.7,Mujer,Normal
26.44413961286389,4.0,Mujer,Sobrepeso
39.801833181637846,7.1,Hombre,Obesidad II
18.37628225705615,5.3,Hombre,Bajo peso
28.498598103827025,4.7,Mujer,Sobrepeso
24.56072189962645,4.3,Hombre,Normal
32.6627941151984,7.3,Hombre,Obesidad I
21.745811454254184,2.7,Hombre,Normal
30.0,4.5,Mujer,Obesidad I
21.55824142744901,4.6,Hombre,Normal
38.67204999963278,3.2,Mujer,Obesidad II
26.257603600593548,5.1,Hombre,Sobrepeso
29.548545583522003,4.6,Mujer,Sobrepeso
27.626180887500475,4.6,Hombre,Sobrepeso
19.22365260016016,4.5,Mujer,Normal
29.366631637104675,2.9,Mujer,Sobrepeso
46.07780612244899,6.4,Hombre,Obesidad III
30.03482035555525,4.9,Hombre,Obesidad I
29.824188604719343,4.9,Hombre,Sobrepeso
33.28735445657024,6.6,Mujer,Obesidad I
42.2410668742785,3.7,Mujer,Obesidad III
31.337391155910428,4.5,Mujer,Obesidad I
29.5174696027904,7.3,Hombre,Sobrepeso
22.32068467105893,3.9,Hombre,Normal
26.243081423565712,2.4,Mujer,Sobrepeso
22.402435529848656,4.4,Mujer,Normal
22.31807021835866,3.1,Mujer,Normal
28.260081116558567,2.8,Mujer,Sobrepeso
27.58743595455558,4.8,Hombre,Sobrepeso
22.65734217812012,5.0,Mujer,Normal
27.434171024782607,3.5,Hombre,Sobrepeso
15.757651372698025,4.3,Mujer,Bajo peso
32.676053830553336,3.9,Mujer,Obesidad I
27.022222222222226,4.2,Mujer,Sobrepeso
44.59468755220566,3.3,Mujer,Obesidad III
45.00855126016652,5.6,Mujer,Obesidad III
31.697626605308898,4.8,Mujer,Obesidad I
28.515624999999996,6.4,Mujer,Sobrepeso
25.0,3.9,Mujer,Sobrepeso
34.291124260355026,5.7,Hombre,Obesidad I
31.66705454662184,4.4,Hombre,Obesidad I
25.24538964901845,6.1,Hombre,Sobrepeso
29.15902633567535,5.3,Mujer,Sobrepeso
22.58613187769471,3.7,Hombre,Normal
32.0,4.3,Mujer,Obesidad I
25.054132798240538,4.6,Mujer,Sobrepeso
31.74517652912309,5.4,Hombre,Obesidad I
22.153324361119004,4.5,Hombre,Normal
25.70687940006121,4.0,Mujer,Sobrepeso
36.45523497917907,3.1,Hombre,Obesidad II
34.8103734913004,7.2,Hombre,Obesidad I
34.52556525798682,3.7,Mujer,Obesidad I
24.290520295246317,3.5,Mujer,Normal
29.97897346310776,3.0,Mujer,Sobrepeso
31.013282226155763,4.9,Hombre,Obesidad I
28.18091809005833,3.7,Mujer,Sobrepeso
24.34996568155711,4.9,Mujer,Normal
35.83593736259227,5.8,Hombre,Obesidad II
29.871077244661087,4.4,Mujer,Sobrepeso
32.61103582781373,4.7,Mujer,Obesidad I
33.38887395861328,3.4,Mujer,Obesidad I
22.401296441525343,4.3,Hombre,Normal
28.59771921299408,5.6,Mujer,Sobrepeso
19.91851516523314,6.0,Hombre,Normal
29.60156733286188,6.4,Mujer,Sobrepeso
31.724474530233746,4.7,Mujer,Obesidad I
37.44730908734438,5.9,Hombre,Obesidad II
25.734520017780213,4.0,Mujer,Sobrepeso
28.40947383373408,4.2,Hombre,Sobrepeso
27.952085728104727,3.9,Hombre,Sobrepeso
22.48108395611897,3.9,Mujer,Normal
36.63691034679962,2.4,Mujer,Obesidad II
32.61243479123533,5.8,Hombre,Obesidad I
25.16691423915392,4.1,Hombre,Sobrepeso
27.777511526037824,5.7,Hombre,Sobrepeso
26.15916955017301,9.8,Hombre,Sobrepeso
32.967935670539696,3.7,Mujer,Obesidad I
29.847618224627908,4.4,Mujer,Sobrepeso
25.400990135109662,3.9,Hombre,Sobrepeso
30.03587462408372,4.3,Mujer,Obesidad I
26.092869858645987,5.0,Hombre,Sobrepeso
26.44459054715465,5.1,Hombre,Sobrepeso
34.42837563045231,5.1,Mujer,Obesidad I
28.42019174993461,4.2,Mujer,Sobrepeso
33.1282839933359,4.8,Mujer,Obesidad I
33.814660595287386,4.2,Hombre,Obesidad I
39.92865636147444,3.2,Mujer,Obesidad II
23.454734651404785,2.8,Mujer,Normal
24.60102021095708,4.9,Mujer,Normal
27.829718663603085,2.9,Mujer,Sobrepeso
32.304800689169085,3.3,Mujer,Obesidad I
27.04454059369128,4.0,Mujer,Sobrepeso
31.704206077747283,3.7,Mujer,Obesidad I
24.382812276055905,5.7,Hombre,Normal
25.255235839387467,5.9,Hombre,Sobrepeso
27.091896039254973,5.7,Hombre,Sobrepeso
27.679039683002163,4.8,Mujer,Sobrepeso
27.39745523896274,4.5,Mujer,Sobrepeso
25.4155519494759,3.5,Mujer,Sobrepeso
29.128061615068056,4.8,Mujer,Sobrepeso
32.69394085586358,6.1,Hombre,Obesidad I
23.334702302535085,5.7,Hombre,Normal
26.737379229329104,4.6,Mujer,Sobrepeso
31.80802699620366,4.2,Mujer,Obesidad I
22.198805321939247,4.3,Mujer,Normal
35.214522247942384,9.0,Hombre,Obesidad II
18.91860996799268,5.0,Hombre,Normal
40.51834641884313,2.9,Mujer,Obesidad III
30.192469144520555,6.2,Hombre,Obesidad I
25.746357177639872,4.1,Mujer,Sobrepeso
25.96432599586757,9.1,Hombre,Sobrepeso
24.304941794399134,3.9,Hombre,Normal
34.567297377656566,7.0,Hombre,Obesidad I
45.00855126016652,4.7,Mujer,Obesidad III
33.18502075465809,3.9,Mujer,Obesidad I
30.57531404111177,3.5,Mujer,Obesidad I
37.572076691402,5.1,Mujer,Obesidad II
29.71574988924318,3.9,Mujer,Sobrepeso
28.421481812401023,6.4,Mujer,Sobrepeso
40.60414335866671,4.4,Mujer,Obesidad III
43.44955743557143,3.0,Mujer,Obesidad III
29.91725355508489,5.8,Mujer,Sobrepeso
20.776796200960685,3.6,Mujer,Normal
33.31767773102398,4.3,Mujer,Obesidad I
23.914792899408283,3.9,Mujer,Normal
22.71041196687308,5.4,Mujer,Normal
40.67102113676011,5.8,Mujer,Obesidad III
25.269880907101097,4.1,Mujer,Sobrepeso
27.352367327360493,3.3,Mujer,Sobrepeso
23.14923912470925,4.4,Mujer,Normal
31.484374999999996,4.5,Mujer,Obesidad I
42.9175323109901,4.5,Hombre,Obesidad III
38.958875369860216,2.4,Mujer,Obesidad II
30.298179822555568,2.8,Mujer,Obesidad I
24.718403005641395,3.9,Mujer,Normal
29.269950269267447,2.6,Mujer,Sobrepeso
26.11876610303955,4.2,Mujer,Sobrepeso
33.58828001817425,5.0,Mujer,Obesidad I
26.658564845842,4.1,Mujer,Sobrepeso
26.081945270672225,4.0,Hombre,Sobrepeso
26.916032860492155,2.7,Mujer,Sobrepeso
27.88364895660221,5.2,Mujer,Sobrepeso
28.348394316362597,3.2,Mujer,Sobrepeso
29.378425064946864,6.3,Mujer,Sobrepeso
56.0,7.3,Mujer,Obesidad III
24.162211457761973,3.8,Mujer,Normal
35.55555191233539,5.6,Mujer,Obesidad II
28.9549028298956,6.7,Hombre,Sobrepeso
28.935175483624807,3.8,Mujer,Sobrepeso
26.463610036380132,6.0,Hombre,Sobrepeso
23.6993750507264,3.1,Hombre,Normal
21.20418203424688,4.4,Mujer,Normal
23.02201351452497,5.5,Hombre,Normal
20.014033211934912,5.1,Hombre,Normal
50.33386558281318,4.9,Mujer,Obesidad III
20.957323268979533,4.8,Hombre,Normal
34.24929751729804,6.6,Hombre,Obesidad I
27.477460225322208,6.2,Hombre,Sobrepeso
23.28189853384693,5.0,Mujer,Normal
25.265912649091053,4.9,Mujer,Sobrepeso
24.63907916918033,4.1,Mujer,Normal
29.502241925723677,3.3,Mujer,Sobrepeso
26.75739911011324,5.6,Hombre,Sobrepeso
24.73575720363142,2.6,Mujer,Normal
30.80714725816389,5.0,Mujer,Obesidad I
32.955221794598444,5.7,Hombre,Obesidad I
25.199953093951848,4.0,Mujer,Sobrepeso
30.863683662851194,4.3,Mujer,Obesidad I
18.60900198031625,4.7,Mujer,Normal
37.30047517751536,4.2,Mujer,Obesidad II
32.839181835241135,4.7,Mujer,Obesidad I
28.79143013849522,3.4,Mujer,Sobrepeso
42.0,5.3,Mujer,Obesidad III
28.39701349771497,5.2,Mujer,Sobrepeso
33.08874637988979,6.1,Hombre,Obesidad I
29.79387429235012,6.5,Hombre,Sobrepeso
42.85359977324264,4.6,Mujer,Obesidad III
31.64793694050359,3.6,Hombre,Obesidad I
34.366343490304715,4.8,Hombre,Obesidad I
21.080906061435893,2.0,Mujer,Normal
33.502439239934766,7.3,Hombre,Obesidad I
25.921052768005545,8.0,Hombre,Sobrepeso
21.871494952731933,3.3,Mujer,Normal
65.55266272189348,6.0,Hombre,Obesidad III
24.520261300143297,3.5,Mujer,Normal
35.4267631283026,5.4,Mujer,Obesidad II
27.47175657460106,9.6,Hombre,Sobrepeso
23.245484541474944,5.7,Hombre,Normal
33.372313558239405,4.0,Mujer,Obesidad I
29.95895371585015,4.1,Mujer,Sobrepeso
24.545082769077435,5.0,Hombre,Normal
24.67794226208822,5.8,Hombre,Normal
38.60636299501058,6.0,Hombre,Obesidad II
29.86563288042456,3.7,Mujer,Sobrepeso
27.162013873335347,6.0,Hombre,Sobrepeso
28.812609938974656,4.9,Hombre,Sobrepeso
52.72236754623077,3.3,Mujer,Obesidad III
36.126343785968814,4.8,Mujer,Obesidad II
29.07095432817633,4.5,Mujer,Sobrepeso
20.93144743819601,3.0,Mujer,Normal
24.848524159824176,3.2,Mujer,Normal
27.57016897200953,6.0,Hombre,Sobrepeso
45.00855126016652,7.3,Hombre,Obesidad III
28.49866151100536,5.0,Hombre,Sobrepeso
31.59209157127992,5.1,Mujer,Obesidad I
34.92459823449525,3.2,Mujer,Obesidad I
26.061745647232915,9.6,Hombre,Sobrepeso
29.06314194209127,3.8,Mujer,Sobrepeso
36.55498447876423,6.3,Hombre,Obesidad II
29.991184242723516,4.7,Hombre,Sobrepeso
24.803469337341717,3.7,Mujer,Normal
26.37406671264768,2.9,Mujer,Sobrepeso
32.393379044215244,4.6,Hombre,Obesidad I
34.57933241883858,5.0,Hombre,Obesidad I
45.00855126016652,4.7,Hombre,Obesidad III
20.667727668652176,4.7,Hombre,Normal
16.79429724080649,5.4,Hombre,Bajo peso
24.5207100591716,4.9,Hombre,Normal
35.092410668249684,3.9,Mujer,Obesidad II
34.044798046871406,8.6,Hombre,Obesidad I
24.515570934256058,4.8,Hombre,Normal
24.359816943873906,3.4,Mujer,Normal
35.90088239853856,4.1,Mujer,Obesidad II
35.24356418185764,5.2,Mujer,Obesidad II
31.74570976510203,5.2,Hombre,Obesidad I
25.43412048574028,5.1,Mujer,Sobrepeso
33.36307842211906,6.1,Hombre,Obesidad I
45.00855126016652,4.5,Hombre,Obesidad III
23.939401944209635,4.2,Mujer,Normal
26.223763381832192,3.7,Mujer,Sobrepeso
26.57415315799205,6.7,Hombre,Sobrepeso
28.53333333333333,4.1,Mujer,Sobrepeso
33.045581350798,2.6,Mujer,Obesidad I
26.45421893918582,4.7,Mujer,Sobrepeso
28.86627402545704,5.3,Mujer,Sobrepeso
38.263656072855255,4.6,Mujer,Obesidad II
45.811077471831496,4.2,Mujer,Obesidad III
30.19104179122636,4.0,Mujer,Obesidad I
27.64841904850859,5.9,Hombre,Sobrepeso
26.471356693318825,6.0,Mujer,Sobrepeso
31.12015235457064,4.2,Mujer,Obesidad I
35.219113197104846,2.3,Mujer,Obesidad II
38.64312636381671,4.5,Hombre,Obesidad II
25.09601880804773,5.1,Hombre,Sobrepeso
24.96955030098969,4.4,Hombre,Normal
29.10868595074851,5.4,Hombre,Sobrepeso
30.47247185646532,4.4,Mujer,Obesidad I
20.68986030626243,2.4,Mujer,Normal
29.362765514369016,5.0,Mujer,Sobrepeso
23.0,4.4,Mujer,Normal
26.98473852008413,6.2,Hombre,Sobrepeso
28.552343084954504,5.3,Mujer,Sobrepeso
21.368643375574692,2.5,Hombre,Normal
27.888335106234635,3.7,Mujer,Sobrepeso
28.10527786999557,5.6,Hombre,Sobrepeso
17.278733475888757,4.2,Hombre,Bajo peso
32.27917354606992,3.7,Hombre,Obesidad I
30.64250910448213,6.6,Hombre,Obesidad I
38.04354156717026,4.3,Mujer,Obesidad II
30.457995592770946,8.0,Hombre,Obesidad I
35.57521570130106,4.6,Mujer,Obesidad II
21.192898871912103,5.9,Hombre,Normal
24.81208816679728,4.3,Mujer,Normal
34.8767550022329,4.9,Mujer,Obesidad I
30.78221622951416,3.7,Mujer,Obesidad I
43.03635308419844,6.0,Hombre,Obesidad III
25.169314369364496,3.9,Hombre,Sobrepeso
36.877399970052586,4.9,Mujer,Obesidad II
35.41463461617537,5.2,Mujer,Obesidad II
25.405765723875884,4.5,Mujer,Sobrepeso
35.826008577622765,6.0,Mujer,Obesidad II
31.756468561282716,5.6,Hombre,Obesidad I
16.678008990788754,2.9,Mujer,Bajo peso
26.40322772042245,4.8,Mujer,Sobrepeso
28.64642899933558,6.8,Mujer,Sobrepeso
33.93392185646202,5.5,Hombre,Obesidad I
26.328109502082924,4.4,Hombre,Sobrepeso
27.41500647736424,3.4,Hombre,Sobrepeso
27.71831066254783,4.2,Mujer,Sobrepeso
40.23926838628327,3.5,Mujer,Obesidad III
32.38754325259516,3.4,Mujer,Obesidad I
29.091832286610572,7.2,Hombre,Sobrepeso
45.00855126016652,3.3,Hombre,Obesidad III
23.147255121330197,4.9,Hombre,Normal
30.677385554156498,3.2,Mujer,Obesidad I
22.439446366782008,9.1,Hombre,Normal
25.730870367555447,6.8,Hombre,Sobrepeso
41.31854551275012,5.3,Mujer,Obesidad III
37.297614664291615,5.3,Mujer,Obesidad II
26.101453426458384,6.5,Hombre,Sobrepeso
34.0,6.0,Hombre,Obesidad I
36.337195675986216,4.6,Mujer,Obesidad II
41.862796159628935,4.2,Mujer,Obesidad III
34.69394116395462,5.8,Hombre,Obesidad I
30.600475880297807,6.7,Hombre,Obesidad I
40.10305632218284,6.3,Mujer,Obesidad III
25.70684494501845,3.1,Mujer,Sobrepeso
32.930337675050495,4.5,Mujer,Obesidad I
27.252146259551104,4.0,Mujer,Sobrepeso
27.0799141522535,4.3,Hombre,Sobrepeso
28.379528899820254,5.2,Mujer,Sobrepeso
22.437470815722996,2.4,Mujer,Normal
29.721494330907493,4.9,Mujer,Sobrepeso
37.50229568411387,4.8,Mujer,Obesidad II
34.20937668390876,2.4,Mujer,Obesidad I
27.69237222107124,4.1,Hombre,Sobrepeso
22.761318201253506,4.3,Hombre,Normal
27.587326057852245,4.8,Mujer,Sobrepeso
25.97647400556457,3.8,Mujer,Sobrepeso
41.64472022027808,6.7,Hombre,Obesidad III
32.97261547604214,6.1,Hombre,Obesidad I
32.73168842844872,4.5,Hombre,Obesidad I
20.308881187528208,7.7,Hombre,Normal
12.446114098358532,5.9,Mujer,Bajo peso
32.969910243922875,5.4,Mujer,Obesidad I
24.01344753061715,3.9,Mujer,Normal
32.194886940857344,5.3,Hombre,Obesidad I
32.48495213185119,6.7,Hombre,Obesidad I
26.174895895300423,4.9,Mujer,Sobrepeso
25.90899965753829,4.0,Mujer,Sobrepeso
33.44355989713608,5.7,Mujer,Obesidad I
20.22953046619463,2.3,Mujer,Normal
36.93861819952128,5.9,Mujer,Obesidad II
31.803252687994394,3.6,Mujer,Obesidad I
34.924971256178694,5.1,Mujer,Obesidad I
32.784278250418346,4.7,Mujer,Obesidad I
42.78561365122766,5.5,Mujer,Obesidad III
26.13587021479071,5.2,Mujer,Sobrepeso
25.707479678900317,5.3,Hombre,Sobrepeso
28.18452844194873,4.6,Mujer,Sobrepeso
27.27739442516763,4.5,Mujer,Sobrepeso
24.600862351960817,3.5,Mujer,Normal
50.02193439689704,5.1,Mujer,Obesidad III
26.0,4.4,Mujer,Sobrepeso
28.4341496912758,6.5,Hombre,Sobrepeso
24.432328092750843,3.0,Mujer,Normal
22.946448725287365,4.2,Mujer,Normal
28.027343749999996,2.1,Mujer,Sobrepeso
31.032082837484307,4.5,Mujer,Obesidad I
25.09395892155046,3.6,Mujer,Sobrepeso
31.362324952793564,5.5,Mujer,Obesidad I
23.6872278137205,4.9,Mujer,Normal
26.744432187089227,6.0,Hombre,Sobrepeso
30.245063324146237,4.5,Mujer,Obesidad I
26.482494320737963,4.5,Mujer,Sobrepeso
30.667847135385763,4.5,Mujer,Obesidad I
24.77040873086508,5.3,Hombre,Normal
28.935185185185183,6.3,Hombre,Sobrepeso
24.243918474687703,3.9,Mujer,Normal
31.11217700715632,5.4,Mujer,Obesidad I
29.85688460608678,4.9,Hombre,Sobrepeso
28.84178810592969,4.9,Hombre,Sobrepeso
26.904719883978792,4.7,Mujer,Sobrepeso
24.45274346452169,3.0,Mujer,Normal
25.616078641144163,4.0,Mujer,Sobrepeso
36.28575970971392,5.2,Hombre,Obesidad II
21.67140503772984,3.7,Mujer,Normal
26.629347195947737,6.3,Hombre,Sobrepeso
22.88591850772097,4.2,Hombre,Normal
34.17869991463367,4.5,Mujer,Obesidad I
30.42367771290745,4.4,Mujer,Obesidad I
29.915700649697403,4.1,Hombre,Sobrepeso
29.91980817634032,6.1,Mujer,Sobrepeso
31.71990685302856,5.8,Hombre,Obesidad I
20.515157356169333,3.4,Mujer,Normal
25.0,3.0,Mujer,Sobrepeso
34.78108418012078,4.9,Mujer,Obesidad I
36.134625178672486,5.3,Mujer,Obesidad II
25.23215201757585,3.5,Mujer,Sobrepeso
37.62154397146077,6.0,Hombre,Obesidad II
30.174175358472397,3.4,Mujer,Obesidad I
26.583264088569532,4.2,Hombre,Sobrepeso
25.535446391522225,3.4,Mujer,Sobrepeso
32.17087486821768,4.7,Mujer,Obesidad I
32.11663413179842,9.0,Hombre,Obesidad I
29.21137317529232,6.4,Hombre,Sobrepeso
23.166597519434017,5.5,Hombre,Normal
29.350512285234817,6.5,Hombre,Sobrepeso
33.95515927977839,4.6,Mujer,Obesidad I
18.813424521463663,2.7,Mujer,Normal
50.512251875627605,5.1,Mujer,Obesidad III
39.43093601450019,7.7,Hombre,Obesidad II
24.81919789612097,4.1,Mujer,Normal
32.78852276842013,5.0,Mujer,Obesidad I
29.75194757036926,5.7,Hombre,Sobrepeso
32.91633545009361,7.4,Mujer,Obesidad I
36.4388122507755,4.8,Mujer,Obesidad II
28.27125400626279,5.0,Hombre,Sobrepeso
24.15443953170629,4.9,Mujer,Normal
33.330597199652686,3.9,Hombre,Obesidad I
40.13626752290705,4.4,Mujer,Obesidad III
28.530344425095823,4.8,Hombre,Sobrepeso
33.190485818225014,4.7,Hombre,Obesidad I
27.887617065556707,3.8,Mujer,Sobrepeso
29.247355856234627,7.3,Mujer,Sobrepeso
27.85200797922391,3.6,Mujer,Sobrepeso
34.62890624999999,8.4,Hombre,Obesidad I
31.978068193121352,3.3,Mujer,Obesidad I
42.46238425925926,6.2,Mujer,Obesidad III
29.172974336793548,5.8,Hombre,Sobrepeso
23.70198676508561,5.0,Hombre,Normal
21.104713719924,9.0,Hombre,Normal
35.43804178293669,4.7,Mujer,Obesidad II
20.40642142751841,4.7,Hombre,Normal
34.00931803654478,5.1,Hombre,Obesidad I
31.60285372645636,8.7,Hombre,Obesidad I
36.33378559179905,4.7,Mujer,Obesidad II
32.258010669764765,4.3,Mujer,Obesidad I
28.17991747094605,3.0,Mujer,Sobrepeso
42.5843718741653,4.1,Mujer,Obesidad III
31.3557921066061,3.5,Mujer,Obesidad I
20.746406442943357,3.9,Mujer,Normal
23.324509165879675,4.0,Mujer,Normal
22.16162801724553,3.1,Hombre,Normal
26.89313052813368,5.3,Hombre,Sobrepeso
23.594221938062,7.0,Hombre,Normal
31.815686713605373,3.6,Mujer,Obesidad I
25.57493062800068,4.8,Mujer,Sobrepeso
31.92153211824946,5.4,Hombre,Obesidad I
33.08044620826418,8.5,Hombre,Obesidad I
34.870044228492645,7.6,Hombre,Obesidad I
32.87850195964581,6.5,Hombre,Obesidad I
21.70373152142018,5.8,Hombre,Normal
32.3890058866232,4.3,Mujer,Obesidad I
42.44094151821949,5.1,Mujer,Obesidad III
38.31950484833556,2.9,Mujer,Obesidad II
37.381744289698936,7.9,Hombre,Obesidad II
28.43940240244773,4.0,Mujer,Sobrepeso
24.85368251134017,4.4,Mujer,Normal
27.31891392576724,5.3,Mujer,Sobrepeso
27.122374976661,3.9,Mujer,Sobrepeso
34.672607918082115,4.8,Hombre,Obesidad I
24.0,5.0,Hombre,Normal
28.15753794095033,4.2,Mujer,Sobrepeso
26.501031992742192,6.4,Hombre,Sobrepeso
27.96492152508563,4.9,Hombre,Sobrepeso
18.696889578712067,4.6,Hombre,Normal
32.594468569558735,3.7,Mujer,Obesidad I
21.799957506213907,3.9,Mujer,Normal
29.84578546985067,6.3,Hombre,Sobrepeso
23.91182420928229,2.7,Mujer,Normal
33.92759192113967,5.2,Mujer,Obesidad I
20.44940027762532,4.0,Mujer,Normal
24.653148388916748,5.1,Mujer,Normal
30.927955370376857,3.8,Mujer,Obesidad I
26.287279844031307,6.2,Hombre,Sobrepeso
24.872738205035443,4.3,Hombre,Normal
29.911958424897925,5.2,Mujer,Sobrepeso
28.532832371453893,6.4,Hombre,Sobrepeso
18.266742686724267,1.8,Mujer,Bajo peso
37.495094057191885,4.3,Hombre,Obesidad II
33.70965968298518,6.4,Hombre,Obesidad I
42.09024206663823,5.9,Mujer,Obesidad III
24.356447475130736,3.7,Hombre,Normal
