id,grupo,periodo,valor_real,probabilidad,sexo,edad,Ciudad,categoria_imc,imc_final,ac_urico,prediccion_umbral_0.15
2024_30087033,Obesidad I,2024,0,0.0632,Mujer,48.0,XALAPA,Obesidad I,30.850673117108443,4.3,0
2024_29033019,Normal,2024,0,0.0877,Hombre,22.0,TLAXCALA,Normal,22.062010147452828,6.3,0
2024_05030087,Obesidad II,2024,0,0.2806,Hombre,50.0,SALTILLO,Obesidad II,38.64312636381671,4.5,1
2024_06007018,Normal,2024,0,0.0725,Hombre,30.0,MANZANILLO,Normal,19.6075079310974,5.9,0
2024_08019019,Obesidad I,2024,0,0.0591,Mujer,61.0,CHIHUAHUA,Obesidad I,30.0,4.5,0
2024_30177027,Obesidad II,2024,0,0.0957,Mujer,42.0,TLACOLULAN,Obesidad II,36.17779691348749,3.6,0
2024_19031041,Sobrepeso,2024,0,0.0414,Mujer,43.0,JUAREZ,Sobrepeso,25.57493062800068,4.8,0
2024_30177026,Obesidad II,2024,0,0.0925,Mujer,40.0,TLACOLULAN,Obesidad II,35.7361623375777,5.6,0
2024_14120024,Obesidad II,2024,0,0.0914,Mujer,49.0,ZAPOPAN,Obesidad II,35.57521570130106,4.6,0
2024_19039123,Obesidad II,2024,0,0.0891,Mujer,35.0,MONTERREY,Obesidad II,35.24356418185764,5.2,0
2024_20028011,Obesidad I,2024,1,0.2119,Hombre,30.0,HEROICA CIUDAD DE EJUTLA DE CRESPO,Obesidad I,34.236172116813485,9.0,1
2024_04004028,Obesidad I,2024,0,0.0703,Mujer,39.0,CHAMPOTON,Obesidad I,32.199762187871585,4.9,0
2024_29023011,Sobrepeso,2024,0,0.0505,Mujer,54.0,NATVITAS,Sobrepeso,28.027343749999996,2.1,0
2024_16062013,Obesidad I,2024,1,0.2216,Hombre,55.0,PAJACUARN,Obesidad I,34.91505311422099,7.4,1
2024_32025013,Obesidad III,2024,0,0.1824,Mujer,59.0,LUIS MOYA,Obesidad III,45.00855126016652,5.6,1
2024_13063025,Sobrepeso,2024,0,0.1454,Hombre,60.0,TEPEJI DEL RO DE OCAMPO,Sobrepeso,28.81543193287348,4.7,0
2024_12001040,Normal,2024,0,0.0985,Hombre,20.0,ACAPULCO DE JUAREZ,Normal,23.573841063215305,4.9,0
2024_04004015,Sobrepeso,2024,1,0.136,Hombre,26.0,CHAMPOTON,Sobrepeso,27.894936118130826,7.6,0
2024_30028021,Obesidad II,2024,0,0.0962,Mujer,53.0,BOCA DEL RO,Obesidad II,36.24332010691881,4.9,0
2024_22011016,Obesidad II,2024,0,0.2778,Hombre,47.0,EL MARQUS,Obesidad II,38.47904485137076,5.5,1
2024_04002030,Obesidad I,2024,0,0.1899,Hombre,,CAMPECHE,Obesidad I,32.6126123386664,6.0,1
2024_22014158,Sobrepeso,2024,0,0.1281,Hombre,29.0,QUERTARO,Sobrepeso,27.0799141522535,4.3,0
2024_04012001,Sobrepeso,2024,0,0.0579,Mujer,31.0,SEYBAPLAYA,Sobrepeso,29.748017740636037,3.7,0
2024_24028097,Sobrepeso,2024,0,0.0546,Mujer,35.0,SAN LUIS POTOS,Sobrepeso,29.00828402366864,4.6,0
2024_18004035,Sobrepeso,2024,0,0.1492,Hombre,53.0,COMPOSTELA,Sobrepeso,29.172974336793548,5.8,0
2024_19039072,Obesidad I,2024,1,0.0704,Mujer,37.0,MONTERREY,Obesidad I,32.214271861507214,7.4,0
2024_28016016,Obesidad I,2024,0,0.0633,Mujer,28.0,HIDALGO,Obesidad I,30.86390532544379,4.5,0
2024_32017045,Sobrepeso,2024,0,0.1267,Hombre,43.0,GUADALUPE,Sobrepeso,26.925639598032145,6.0,0
2024_31056021,Normal,2024,0,0.028,Mujer,36.0,OXKUTZCAB,Normal,20.777495278800263,3.3,0
2024_05007023,Obesidad III,2024,1,0.3051,Hombre,50.0,CUATRO CIENEGAS,Obesidad III,40.04629629629629,7.8,1
2024_28041077,Sobrepeso,2024,1,0.0464,Mujer,54.0,VICTORIA,Sobrepeso,26.98137326515705,6.6,0
2024_16012024,Obesidad II,2024,0,0.0992,Mujer,40.0,BUENAVISTA,Obesidad II,36.65351742274819,3.2,0
2024_05030075,Normal,2024,0,0.1018,Hombre,29.0,SALTILLO,Normal,24.0,5.0,0
2024_17003020,Sobrepeso,2024,0,0.0427,Mujer,41.0,AXOCHIAPAN,Sobrepeso,25.94265034608169,3.5,0
2024_03003170,Obesidad II,2024,0,0.0929,Mujer,23.0,LA PAZ,Obesidad II,35.786661102308734,5.8,0
2024_07103025,Obesidad I,2024,0,0.0787,Mujer,38.0,TUZANTLAN,Obesidad I,33.63873176890387,3.9,0
2024_16053088,Obesidad I,2024,0,0.0741,Mujer,40.0,MORELIA,Obesidad I,32.872419889805656,5.4,0
2024_06008008,Sobrepeso,2024,0,0.0446,Mujer,58.0,MINATITLAN,Sobrepeso,26.494417043671596,3.6,0
2024_11009019,Sobrepeso,2024,0,0.0457,Mujer,25.0,COMONFORT,Sobrepeso,26.775172879068982,2.0,0
2024_20397061,Normal,2024,0,0.0945,Hombre,26.0,HEROICA CIUDAD DE TLAXIACO,Normal,23.02201351452497,5.5,0
2024_05018062,Obesidad II,2024,0,0.1014,Mujer,33.0,MONCLOVA,Obesidad II,36.93861819952128,5.9,0
2024_31069004,Sobrepeso,2024,0,0.0437,Mujer,42.0,SOTUTA,Sobrepeso,26.223763381832192,3.7,0
2024_22016005,Sobrepeso,2024,0,0.0424,Mujer,57.0,SAN JUAN DEL RO,Sobrepeso,25.852044825235406,4.0,0
2024_31050121,Normal,2024,0,0.0783,Hombre,42.0,MRIDA,Normal,20.59096394939286,4.0,0
2024_03003108,Sobrepeso,2024,0,0.0489,Mujer,33.0,LA PAZ,Sobrepeso,27.63399682980544,3.7,0
2024_19018093,Sobrepeso,2024,0,0.0421,Mujer,48.0,GARCA,Sobrepeso,25.78320269843966,3.6,0
2024_22014050,Obesidad I,2024,0,0.0691,Mujer,56.0,QUERTARO,Obesidad I,31.978068193121352,3.3,0
2024_16062041,Sobrepeso,2024,0,0.0428,Mujer,26.0,PAJACUARN,Sobrepeso,25.969605420725244,3.3,0
2024_19046087,Sobrepeso,2024,0,0.047,Mujer,,SAN NICOLS DE LOS GARZA,Sobrepeso,27.133178122594074,3.0,0
2024_30177024,Obesidad I,2024,0,0.0864,Mujer,54.0,TLACOLULAN,Obesidad I,34.840901692708336,5.5,0
2024_32036008,Normal,2024,0,0.0927,Hombre,27.0,OJOCALIENTE,Normal,22.784011086138,4.8,0
2024_02004130,Sobrepeso,2024,0,0.1218,Hombre,24.0,TIJUANA,Sobrepeso,26.40128586573647,5.9,0
2024_07115021,Normal,2024,0,0.0351,Mujer,30.0,MARAVILLA TENEJAPA,Normal,23.5457914457116,3.8,0
2024_30177031,Sobrepeso,2024,0,0.0537,Mujer,55.0,TLACOLULAN,Sobrepeso,28.793185483940228,3.3,0
2024_02001040,Normal,2024,0,0.0904,Hombre,28.0,ENSENADA,Normal,22.456747404844297,4.8,0
2024_19021059,Obesidad I,2024,0,0.0639,Mujer,34.0,GENERAL ESCOBEDO,Obesidad I,30.98783991504343,5.0,0
2024_09006029,Normal,2024,0,0.1055,Hombre,26.0,IZTACALCO,Normal,24.48353580413172,5.1,0
2024_11008002,Obesidad I,2024,0,0.1777,Hombre,54.0,MANUEL DOBLADO,Obesidad I,31.64793694050359,3.6,1
2024_29013001,Normal,2024,0,0.0985,Hombre,48.0,HUAMANTLA,Normal,23.577017950684123,6.4,0
2024_15060010,Normal,2024,0,0.0864,Hombre,52.0,NICOLS ROMERO,Normal,21.86070267559551,5.7,0
2024_12027055,Obesidad I,2024,0,0.0872,Mujer,32.0,CUTZAMALA DE PINZN,Obesidad I,34.960664723602434,4.2,0
2024_27013015,Obesidad I,2024,1,0.1695,Hombre,59.0,NACAJUCA,Obesidad I,30.967713450330645,7.4,1
2024_16062041,Sobrepeso,2024,0,0.0467,Mujer,57.0,PAJACUARN,Sobrepeso,27.04454059369128,4.0,0
2024_14101060,Normal,2024,0,0.039,Mujer,23.0,TONAL,Normal,24.81208816679728,4.3,0
2024_19012007,Obesidad III,2024,0,0.1372,Mujer,46.0,CINEGA DE FLORES,Obesidad III,41.0,4.9,0
2024_01001096,Normal,2024,0,0.0854,Hombre,,AGUASCALIENTES,Normal,21.70373152142018,5.8,0
2024_23005120,Sobrepeso,2024,1,0.1192,Hombre,50.0,BENITO JUAREZ,Sobrepeso,26.103486450222757,7.1,0
2024_18006004,Sobrepeso,2024,0,0.05,Mujer,27.0,IXTLN DEL RO,Sobrepeso,27.91546171943928,4.1,0
2024_20324014,Sobrepeso,2024,0,0.0414,Mujer,26.0,SAN PEDRO POCHUTLA,Sobrepeso,25.57753681579097,3.2,0
2024_27004101,Obesidad I,2024,0,0.0655,Mujer,44.0,CENTRO,Obesidad I,31.30207048011493,4.3,0
2024_16006017,Sobrepeso,2024,0,0.1235,Hombre,47.0,APATZINGN,Sobrepeso,26.583264088569532,4.2,0
2024_29013025,Sobrepeso,2024,1,0.1529,Hombre,36.0,HUAMANTLA,Sobrepeso,29.5174696027904,7.3,1
2024_12039010,Sobrepeso,2024,0,0.0558,Mujer,33.0,JUAN R. ESCUDERO,Sobrepeso,29.269950269267447,2.6,0
2024_31023015,Sobrepeso,2024,0,0.1527,Hombre,46.0,CHOCHOL,Sobrepeso,29.494370515617,5.3,1
2024_16053017,Sobrepeso,2024,0,0.1272,Hombre,23.0,MORELIA,Sobrepeso,26.98473852008413,6.2,0
2024_26041015,Obesidad II,2024,0,0.244,Hombre,41.0,NACOZARI DE GARCA,Obesidad II,36.40236418597674,4.2,1
2024_01001132,Sobrepeso,2024,0,0.0531,Mujer,23.0,AGUASCALIENTES,Sobrepeso,28.665045236813743,4.9,0
2024_30177006,Normal,2024,0,0.0343,Mujer,23.0,TLACOLULAN,Normal,23.265692905924254,3.7,0
2024_16012027,Normal,2024,0,0.0395,Mujer,45.0,BUENAVISTA,Normal,24.98046875,2.4,0
2024_30008022,Sobrepeso,2024,0,0.0409,Mujer,31.0,ALPATLAHUAC,Sobrepeso,25.41553819334643,5.2,0
2024_16006026,Sobrepeso,2024,0,0.0564,Mujer,44.0,APATZINGN,Sobrepeso,29.412618548132027,3.1,0
2024_01001192,Obesidad I,2024,0,0.1731,Hombre,36.0,AGUASCALIENTES,Obesidad I,31.269099863692723,5.5,1
2024_08019081,Sobrepeso,2024,0,0.1203,Hombre,39.0,CHIHUAHUA,Sobrepeso,26.224709643783648,6.6,0
2024_01001390,Obesidad II,2024,1,0.1087,Mujer,42.0,AGUASCALIENTES,Obesidad II,37.85639958376691,6.2,0
2024_15059005,Obesidad I,2024,0,0.0682,Mujer,30.0,NEXTLALPAN,Obesidad I,31.80802699620366,4.2,0
2024_21207030,Sobrepeso,2024,1,0.1552,Hombre,47.0,ZACAPOAXTLA,Sobrepeso,29.725609756097565,7.2,1
2024_30177024,Obesidad III,2024,0,0.3827,Hombre,40.0,TLACOLULAN,Obesidad III,44.13129580627506,7.0,1
2024_20057023,Sobrepeso,2024,0,0.0469,Mujer,28.0,MATAS ROMERO AVENDAO,Sobrepeso,27.098030570252803,3.6,0
2024_30151006,Normal,2024,0,0.0269,Mujer,25.0,TAMIAHUA,Normal,20.29301924734272,2.9,0
2024_19048060,Obesidad III,2024,0,0.1636,Mujer,52.0,SANTA CATARINA,Obesidad III,43.44955743557143,3.0,1
2024_27005026,Obesidad I,2024,0,0.2168,Hombre,30.0,COMALCALCO,Obesidad I,34.57933241883858,5.0,1
2024_15059012,Normal,2024,0,0.039,Mujer,40.0,NEXTLALPAN,Normal,24.81919789612097,4.1,0
2024_24037033,Obesidad I,2024,0,0.0594,Mujer,26.0,TAMAZUNCHALE,Obesidad I,30.06241218181224,4.7,0
2024_19006216,Sobrepeso,2024,0,0.042,Mujer,42.0,APODACA,Sobrepeso,25.744288456471832,4.6,0
2024_04007020,Sobrepeso,2024,0,0.1367,Hombre,54.0,PALIZADA,Sobrepeso,27.96492152508563,4.9,0
2024_22008006,Sobrepeso,2024,0,0.045,Mujer,33.0,HUIMILPAN,Sobrepeso,26.605480273433937,2.8,0
2024_17012006,Obesidad II,2024,0,0.0968,Mujer,39.0,JOJUTLA,Obesidad II,36.324356037845405,4.2,0
2024_30079032,Obesidad I,2024,0,0.1908,Hombre,50.0,IXHUACN DE LOS REYES,Obesidad I,32.67968286647262,6.4,1
2024_22008033,Obesidad I,2024,0,0.0598,Mujer,52.0,HUIMILPAN,Obesidad I,30.156088967689406,4.9,0
2024_30048002,Sobrepeso,2024,0,0.0557,Mujer,42.0,COSOLEACAQUE,Sobrepeso,29.249644020330862,3.5,0
2024_16047005,Sobrepeso,2024,0,0.1375,Hombre,50.0,JUNGAPEO,Sobrepeso,28.044077134986228,6.7,0
2024_20397047,Sobrepeso,2024,0,0.1177,Hombre,42.0,HEROICA CIUDAD DE TLAXIACO,Sobrepeso,25.93365182952327,4.5,0
2024_01005016,Sobrepeso,2024,0,0.1507,Hombre,50.0,JESUS MARIA,Sobrepeso,29.314035411484053,5.1,1
2024_32051028,Obesidad I,2024,0,0.0682,Mujer,30.0,VILLA DE COS,Obesidad I,31.815686713605373,3.6,0
2024_19048068,Sobrepeso,2024,0,0.1372,Hombre,,SANTA CATARINA,Sobrepeso,28.013877267411427,4.0,0
2024_31050012,Obesidad I,2024,0,0.1856,Hombre,47.0,MRIDA,Obesidad I,32.27917354606992,3.7,1
2024_12027020,Obesidad I,2024,0,0.2046,Hombre,47.0,CUTZAMALA DE PINZN,Obesidad I,33.70965968298518,6.4,1
2024_32056024,Sobrepeso,2024,0,0.0576,Mujer,38.0,ZACATECAS,Sobrepeso,29.6815465584825,4.6,0
2024_12014019,Sobrepeso,2024,0,0.0428,Mujer,38.0,BENITO JUAREZ,Sobrepeso,25.97647400556457,3.8,0
2024_19039265,Obesidad III,2024,1,0.3128,Hombre,26.0,MONTERREY,Obesidad III,40.4726489962214,10.1,1
2024_24037024,Obesidad I,2024,0,0.0688,Mujer,56.0,TAMAZUNCHALE,Obesidad I,31.91940668097735,5.4,0
2024_24028136,Sobrepeso,2024,0,0.056,Mujer,51.0,SAN LUIS POTOS,Sobrepeso,29.324906636024128,3.2,0
2024_31050064,Normal,2024,0,0.1024,Hombre,42.0,MRIDA,Normal,24.08249779079944,3.3,0
2024_15109003,Sobrepeso,2024,0,0.0417,Mujer,48.0,TULTITLN,Sobrepeso,25.66027019351698,4.3,0
2024_20397026,Sobrepeso,2024,0,0.052,Mujer,48.0,HEROICA CIUDAD DE TLAXIACO,Sobrepeso,28.39701349771497,5.2,0
2024_30087049,Obesidad I,2024,0,0.1681,Hombre,44.0,XALAPA,Obesidad I,30.8544387738862,6.0,1
2024_01001055,Normal,2024,0,0.1064,Hombre,53.0,AGUASCALIENTES,Normal,24.594960438605213,6.1,0
2024_27016011,Normal,2024,0,0.0286,Mujer,48.0,TEAPA,Normal,21.0184355201949,3.0,0
2024_30123001,Normal,2024,0,0.0279,Mujer,49.0,PNUCO,Normal,20.70465390928711,3.0,0
2024_29044005,Sobrepeso,2024,0,0.0549,Mujer,24.0,ZACATELCO,Sobrepeso,29.07095432817633,4.5,0
2024_30087009,Obesidad I,2024,0,0.0623,Mujer,34.0,XALAPA,Obesidad I,30.667847135385763,4.5,0
2024_24050020,Sobrepeso,2024,0,0.0568,Mujer,42.0,VILLA DE REYES,Sobrepeso,29.50807331852912,2.9,0
2024_19018034,Obesidad I,2024,1,0.1635,Hombre,51.0,GARCA,Obesidad I,30.457995592770946,8.0,1
2024_08004011,Obesidad II,2024,0,0.2347,Hombre,36.0,AQUILES SERDAN,Obesidad II,35.79264484564171,4.7,1
2024_13018027,Sobrepeso,2024,0,0.0492,Mujer,45.0,CHAPULHUACN,Sobrepeso,27.696153677470285,4.4,0
2024_19039225,Normal,2024,0,0.0247,Mujer,22.0,MONTERREY,Normal,19.22392310430758,5.0,0
2024_23005011,Obesidad II,2024,0,0.1051,Mujer,60.0,BENITO JUAREZ,Obesidad II,37.41535260848299,3.4,0
2024_28003072,Obesidad I,2024,1,0.0786,Mujer,36.0,ALTAMIRA,Obesidad I,33.62439973545227,6.4,0
2024_19048009,Obesidad I,2024,0,0.0624,Mujer,58.0,SANTA CATARINA,Obesidad I,30.693168980212743,4.1,0
2024_26041030,Normal,2024,0,0.104,Hombre,36.0,NACOZARI DE GARCA,Normal,24.28479602708485,6.7,0
2024_01001343,Obesidad III,2024,0,0.1954,Mujer,51.0,AGUASCALIENTES,Obesidad III,46.01225259935311,5.0,1
2024_16062009,Obesidad I,2024,0,0.0627,Mujer,59.0,PAJACUARN,Obesidad I,30.75348010349042,4.2,0
2024_08019055,Obesidad I,2024,1,0.1991,Hombre,28.0,CHIHUAHUA,Obesidad I,33.30651633880266,9.2,1
2024_13063034,Sobrepeso,2024,0,0.0584,Mujer,52.0,TEPEJI DEL RO DE OCAMPO,Sobrepeso,29.847618224627908,4.4,0
2024_18017150,Sobrepeso,2024,0,0.1272,Hombre,52.0,TEPIC,Sobrepeso,26.98042057282424,4.8,0
2024_31048042,Obesidad I,2024,0,0.0869,Mujer,39.0,MAXCAN,Obesidad I,34.92459823449525,3.2,0
2024_19006009,Obesidad II,2024,0,0.0953,Mujer,39.0,APODACA,Obesidad II,36.12574709027996,6.0,0
2024_19048041,Normal,2024,0,0.0343,Mujer,33.0,SANTA CATARINA,Normal,23.2445945353274,2.8,0
2024_29033018,Obesidad II,2024,0,0.2353,Hombre,59.0,TLAXCALA,Obesidad II,35.83593736259227,5.8,1
2024_14008026,Obesidad I,2024,0,0.072,Mujer,51.0,ARANDAS,Obesidad I,32.50908557723526,5.2,0
2024_28022047,Sobrepeso,2024,0,0.0548,Mujer,52.0,MATAMOROS,Sobrepeso,29.047369064625617,3.7,0
2024_04002018,Sobrepeso,2024,0,0.1157,Hombre,23.0,CAMPECHE,Sobrepeso,25.709060920076016,4.3,0
2024_08025025,Obesidad II,2024,0,0.0942,Mujer,24.0,GOMEZ FARIAS,Obesidad II,35.969703346597285,5.3,0
2024_09012010,Obesidad II,2024,0,0.1065,Mujer,35.0,TLALPAN,Obesidad II,37.5817681082168,5.2,0
2024_20324011,Sobrepeso,2024,0,0.0469,Mujer,51.0,SAN PEDRO POCHUTLA,Sobrepeso,27.10590611702325,4.1,0
2024_05017022,Obesidad I,2024,1,0.2185,Hombre,45.0,MATAMOROS,Obesidad I,34.69851783729498,8.2,1
2024_07031019,Sobrepeso,2024,0,0.0413,Mujer,,CHILON,Sobrepeso,25.544959128065383,4.3,0
2024_31069003,Normal,2024,0,0.0348,Mujer,36.0,SOTUTA,Normal,23.414790003007116,3.1,0
2024_32010020,Sobrepeso,2024,0,0.1346,Hombre,38.0,FRESNILLO,Sobrepeso,27.75192953629653,5.7,0
2024_22016026,Sobrepeso,2024,0,0.0535,Mujer,31.0,SAN JUAN DEL RO,Sobrepeso,28.739337433049,3.3,0
2024_27011030,Sobrepeso,2024,0,0.1113,Hombre,57.0,JONUTA,Sobrepeso,25.18462609907524,4.7,0
2024_19048088,Sobrepeso,2024,0,0.1283,Hombre,33.0,SANTA CATARINA,Sobrepeso,27.096875244733337,6.4,0
2024_19018088,Sobrepeso,2024,0,0.0478,Mujer,47.0,GARCA,Sobrepeso,27.352367327360493,3.3,0
2024_22014146,Obesidad I,2024,0,0.0639,Mujer,35.0,QUERTARO,Obesidad I,30.989394604415686,5.4,0
2024_03008192,Obesidad II,2024,1,0.1124,Mujer,45.0,LOS CABOS,Obesidad II,38.30358024464085,6.8,0
2024_05025003,Sobrepeso,2024,0,0.1215,Hombre,21.0,PIEDRAS NEGRAS,Sobrepeso,26.359840461595297,5.5,0
2024_14101027,Obesidad II,2024,1,0.1057,Mujer,59.0,TONAL,Obesidad II,37.487694878780246,7.3,0
2024_11007016,Sobrepeso,2024,0,0.0463,Mujer,54.0,CELAYA,Sobrepeso,26.95854290504496,4.8,0
2024_10005162,Obesidad II,2024,0,0.1102,Mujer,22.0,DURANGO,Obesidad II,38.034013673138354,2.8,0
2024_11037028,Obesidad I,2024,0,0.0706,Mujer,53.0,SILAO DE LA VICTORIA,Obesidad I,32.258010669764765,4.3,0
2024_12027021,Obesidad II,2024,0,0.0897,Mujer,21.0,CUTZAMALA DE PINZN,Obesidad II,35.33498561716784,4.6,0
2024_14008024,Obesidad II,2024,0,0.1111,Mujer,50.0,ARANDAS,Obesidad II,38.15010566293309,4.4,0
2024_14101069,Sobrepeso,2024,1,0.1543,Hombre,49.0,TONAL,Sobrepeso,29.643921890866164,7.3,1
2024_31050196,Obesidad I,2024,0,0.0695,Mujer,46.0,MRIDA,Obesidad I,32.0590620595701,5.9,0
2024_04004004,Obesidad II,2024,0,0.1057,Mujer,55.0,CHAMPOTON,Obesidad II,37.49048639063468,5.9,0
2024_31023041,Obesidad II,2024,0,0.115,Mujer,21.0,CHOCHOL,Obesidad II,38.611660721537895,5.7,0
2024_18020019,Obesidad I,2024,0,0.1871,Hombre,57.0,BAHA DE BANDERAS,Obesidad I,32.393379044215244,4.6,1
2024_24013022,Obesidad II,2024,0,0.2925,Hombre,42.0,CIUDAD VALLES,Obesidad II,39.330246014558526,5.7,1
2024_19039043,Obesidad I,2024,1,0.1918,Hombre,24.0,MONTERREY,Obesidad I,32.75425041159307,9.5,1
2024_13063010,Sobrepeso,2024,1,0.0496,Mujer,38.0,TEPEJI DEL RO DE OCAMPO,Sobrepeso,27.810098183364577,6.2,0
2024_05035071,Obesidad II,2024,0,0.1006,Mujer,48.0,TORREON,Obesidad II,36.83083060613661,5.4,0
2024_16051018,Sobrepeso,2024,0,0.042,Mujer,36.0,MARCOS CASTELLANOS,Sobrepeso,25.749053624745,3.2,0
2024_24037012,Normal,2024,0,0.0925,Hombre,37.0,TAMAZUNCHALE,Normal,22.75095848788625,5.8,0
2024_10008037,Normal,2024,0,0.0315,Mujer,40.0,GUADALUPE VICTORIA,Normal,22.219054090125944,2.8,0
2024_32010015,Obesidad II,2024,0,0.0955,Mujer,39.0,FRESNILLO,Obesidad II,36.14442885223865,5.8,0
2024_03003055,Obesidad III,2024,0,0.1333,Mujer,39.0,LA PAZ,Obesidad III,40.60414335866671,4.4,0
2024_20184038,Obesidad I,2024,0,0.0619,Mujer,51.0,SAN JUAN BAUTISTA TUXTEPEC,Obesidad I,30.57531404111177,3.5,0
2024_21207030,Obesidad I,2024,1,0.1656,Hombre,21.0,ZACAPOAXTLA,Obesidad I,30.63716287857171,7.8,1
2024_14008028,Sobrepeso,2024,0,0.1234,Hombre,40.0,ARANDAS,Sobrepeso,26.57347162275333,6.6,0
2024_05030021,Sobrepeso,2024,1,0.1188,Hombre,56.0,SALTILLO,Sobrepeso,26.061745647232915,9.6,0
2024_14120029,Obesidad I,2024,0,0.0843,Mujer,55.0,ZAPOPAN,Obesidad I,34.52556525798682,3.7,0
2024_29013033,Normal,2024,0,0.1061,Hombre,26.0,HUAMANTLA,Normal,24.5585798816568,4.7,0
2024_19048060,Obesidad I,2024,0,0.0823,Mujer,22.0,SANTA CATARINA,Obesidad I,34.20937668390876,2.4,0
2024_26029034,Obesidad I,2024,0,0.0658,Mujer,45.0,GUAYMAS,Obesidad I,31.34666197729261,5.9,0
2024_05017018,Obesidad I,2024,0,0.0768,Mujer,46.0,MATAMOROS,Obesidad I,33.32921052925631,4.7,0
2024_19039183,Sobrepeso,2024,1,0.1281,Hombre,24.0,MONTERREY,Sobrepeso,27.075667715955287,7.5,0
2024_18017034,Obesidad II,2024,0,0.2527,Hombre,25.0,TEPIC,Obesidad II,36.94875189196841,6.6,1
2024_10039022,Sobrepeso,2024,0,0.04,Mujer,32.0,NUEVO IDEAL,Sobrepeso,25.126367801098677,2.9,0
2024_01001034,Sobrepeso,2024,1,0.1377,Hombre,38.0,AGUASCALIENTES,Sobrepeso,28.062742901158927,7.3,0
2024_20515003,Sobrepeso,2024,0,0.0401,Mujer,30.0,SANTO DOMINGO TEHUANTEPEC,Sobrepeso,25.1581214698338,3.9,0
2024_07013034,Normal,2024,0,0.1058,Hombre,22.0,BOCHIL,Normal,24.51219800972052,5.7,0
2024_05035072,Normal,2024,0,0.1079,Hombre,21.0,TORREON,Normal,24.77040873086508,5.3,0
2024_08037015,Normal,2024,0,0.1058,Hombre,42.0,JUAREZ,Normal,24.5207100591716,4.9,0
2024_04002096,Obesidad III,2024,0,0.1824,Mujer,24.0,CAMPECHE,Obesidad III,45.00855126016652,5.8,1
2024_05033024,Bajo peso,2024,0,0.0212,Mujer,30.0,SAN PEDRO,Bajo peso,17.382140397037883,2.4,0
2024_13057005,Obesidad II,2024,0,0.1042,Mujer,23.0,SINGUILUCAN,Obesidad II,37.297614664291615,5.3,0
2024_13057028,Sobrepeso,2024,0,0.0483,Mujer,21.0,SINGUILUCAN,Sobrepeso,27.46479556681321,5.2,0
2024_22014093,Sobrepeso,2024,0,0.1335,Hombre,22.0,QUERTARO,Sobrepeso,27.638572405805014,4.7,0
2024_12001094,Obesidad I,2024,1,0.1606,Hombre,48.0,ACAPULCO DE JUAREZ,Obesidad I,30.208209312065836,9.9,1
2024_14120009,Normal,2024,0,0.0329,Mujer,23.0,ZAPOPAN,Normal,22.74794344373804,6.0,0
2024_29013006,Normal,2024,0,0.0345,Mujer,24.0,HUAMANTLA,Normal,23.324509165879675,4.0,0
2024_27004055,Obesidad II,2024,0,0.2422,Hombre,34.0,CENTRO,Obesidad II,36.28575970971392,5.2,1
2024_05033027,Obesidad III,2024,1,0.4004,Hombre,55.0,SAN PEDRO,Obesidad III,45.00855126016652,7.2,1
2024_32020013,Obesidad I,2024,0,0.1999,Hombre,51.0,JEREZ,Obesidad I,33.36788067876276,5.2,1
2024_04002010,Sobrepeso,2024,0,0.0433,Mujer,37.0,CAMPECHE,Sobrepeso,26.11876610303955,4.2,0
2024_16062013,Obesidad I,2024,0,0.1929,Hombre,24.0,PAJACUARN,Obesidad I,32.83983471951478,4.9,1
2024_27006029,Obesidad I,2024,1,0.2195,Hombre,34.0,CUNDUACN,Obesidad I,34.76885330578513,7.6,1
2024_13046005,Sobrepeso,2024,0,0.0403,Mujer,57.0,SAN FELIPE ORIZATLN,Sobrepeso,25.23215201757585,3.5,0
2024_10007023,Sobrepeso,2024,0,0.0574,Mujer,58.0,GMEZ PALACIO,Sobrepeso,29.62713576298292,5.3,0
2024_30081020,Sobrepeso,2024,0,0.1341,Hombre,46.0,IXHUATLANCILLO,Sobrepeso,27.70761211134244,5.7,0
2024_07094001,Sobrepeso,2024,0,0.1351,Hombre,38.0,TEOPISCA,Sobrepeso,27.804038252943105,5.9,0
2024_03003112,Sobrepeso,2024,0,0.0451,Mujer,46.0,LA PAZ,Sobrepeso,26.611154212174743,4.7,0
2024_19026056,Obesidad II,2024,0,0.0953,Mujer,54.0,GUADALUPE,Obesidad II,36.126343785968814,4.8,0
2024_20021023,Obesidad I,2024,1,0.064,Mujer,68.0,COSOLAPA,Obesidad I,31.0,7.2,0
2024_01001409,Normal,2024,0,0.0981,Hombre,60.0,AGUASCALIENTES,Normal,23.512016137129088,3.8,0
2024_06004025,Sobrepeso,2024,0,0.1235,Hombre,49.0,COQUIMATLAN,Sobrepeso,26.57838378737293,6.1,0
2024_05017014,Normal,2024,0,0.0723,Hombre,29.0,MATAMOROS,Normal,19.562288891040723,6.1,0
2024_26018028,Obesidad II,2024,0,0.0929,Mujer,48.0,CAJEME,Obesidad II,35.79072532699168,3.0,0
2024_02004244,Sobrepeso,2024,0,0.156,Hombre,52.0,TIJUANA,Sobrepeso,29.79387429235012,6.5,1
2024_19026068,Obesidad I,2024,1,0.2201,Hombre,23.0,GUADALUPE,Obesidad I,34.8103734913004,7.2,1
2024_10016018,Obesidad II,2024,0,0.1058,Mujer,41.0,NOMBRE DE DIOS,Obesidad II,37.50229568411387,4.8,0
2024_05018049,Sobrepeso,2024,1,0.0539,Mujer,46.0,MONCLOVA,Sobrepeso,28.85040885467872,6.1,0
2024_27016033,Sobrepeso,2024,0,0.0524,Mujer,59.0,TEAPA,Sobrepeso,28.483952104211305,3.9,0
2024_03003029,Bajo peso,2024,0,0.0219,Mujer,56.0,LA PAZ,Bajo peso,17.787012302715425,3.6,0
2024_14120004,Obesidad I,2024,0,0.0611,Mujer,29.0,ZAPOPAN,Obesidad I,30.415652099619805,4.3,0
2024_19006024,Obesidad I,2024,0,0.077,Mujer,42.0,APODACA,Obesidad I,33.36483815552094,3.3,0
2024_20028002,Sobrepeso,2024,0,0.0541,Mujer,33.0,HEROICA CIUDAD DE EJUTLA DE CRESPO,Sobrepeso,28.900968537204207,2.6,0
2024_28003080,Normal,2024,0,0.0963,Hombre,26.0,ALTAMIRA,Normal,23.276732735765684,6.1,0
2024_05017048,Obesidad I,2024,0,0.07,Mujer,44.0,MATAMOROS,Obesidad I,32.14272831428674,5.4,0
2024_17029056,Sobrepeso,2024,0,0.1564,Hombre,35.0,YAUTEPEC,Sobrepeso,29.831427865501663,6.5,1
2024_04002150,Obesidad I,2024,0,0.0676,Mujer,59.0,CAMPECHE,Obesidad I,31.6927096435682,3.9,0
2024_14066022,Obesidad I,2024,0,0.0747,Mujer,35.0,PONCITLN,Obesidad I,32.969910243922875,5.4,0
2024_11037007,Sobrepeso,2024,0,0.1348,Hombre,50.0,SILAO DE LA VICTORIA,Sobrepeso,27.77560237032396,6.5,0
2024_03008094,Obesidad I,2024,1,0.1961,Hombre,49.0,LOS CABOS,Obesidad I,33.08044620826418,8.5,1
2024_06010028,Normal,2024,0,0.0967,Hombre,47.0,VILLA DE ALVAREZ,Normal,23.334702302535085,5.7,0
2024_29033022,Normal,2024,0,0.0384,Mujer,20.0,TLAXCALA,Normal,24.63316454393492,4.2,0
2024_04006007,Obesidad II,2024,0,0.2426,Hombre,32.0,HOPELCHEN,Obesidad II,36.31082062454612,6.0,1
2024_30079025,Sobrepeso,2024,0,0.0432,Mujer,55.0,IXHUACN DE LOS REYES,Sobrepeso,26.096850151610276,4.3,0
2024_03008162,Normal,2024,0,0.1061,Hombre,36.0,LOS CABOS,Normal,24.557084975199537,4.4,0
2024_30032013,Obesidad I,2024,0,0.0725,Mujer,40.0,CATEMACO,Obesidad I,32.594468569558735,3.7,0
2024_31040019,Sobrepeso,2024,0,0.1446,Hombre,32.0,IZAMAL,Sobrepeso,28.7428249824317,4.1,0
2024_06002039,Normal,2024,0,0.0379,Mujer,32.0,COLIMA,Normal,24.478411310172163,4.0,0
2024_28041090,Normal,2024,0,0.028,Mujer,50.0,VICTORIA,Normal,20.776796200960685,3.6,0
2024_31023037,Obesidad I,2024,1,0.2187,Hombre,31.0,CHOCHOL,Obesidad I,34.71026679537064,8.8,1
2024_08037059,Obesidad I,2024,0,0.067,Mujer,36.0,JUAREZ,Obesidad I,31.59041394335512,3.1,0
2024_01006023,Normal,2024,0,0.0743,Hombre,33.0,PABELLON DE ARTEAGA,Normal,19.91851516523314,6.0,0
2024_14066004,Sobrepeso,2024,0,0.0554,Mujer,23.0,PONCITLN,Sobrepeso,29.1931941163052,3.8,0
2024_08037122,Normal,2024,0,0.1087,Hombre,28.0,JUAREZ,Normal,24.872738205035443,4.3,0
2024_30151025,Normal,2024,0,0.0749,Hombre,41.0,TAMIAHUA,Normal,20.014033211934912,5.1,0
2024_19026062,Obesidad I,2024,0,0.0709,Mujer,58.0,GUADALUPE,Obesidad I,32.297830374753445,4.7,0
2024_24025012,Obesidad I,2024,0,0.0605,Mujer,40.0,SALINAS,Obesidad I,30.298179822555568,2.8,0
2024_19048074,Sobrepeso,2024,0,0.1359,Hombre,54.0,SANTA CATARINA,Sobrepeso,27.88571428571429,5.7,0
2024_28041079,Sobrepeso,2024,0,0.143,Hombre,48.0,VICTORIA,Sobrepeso,28.590561038809795,4.8,0
2024_29002032,Sobrepeso,2024,0,0.1455,Hombre,39.0,APETATITLN DE ANTONIO CARVAJAL,Sobrepeso,28.823529411764707,5.4,0
2024_20021007,Obesidad I,2024,0,0.0625,Mujer,35.0,COSOLAPA,Obesidad I,30.69845046322493,2.9,0
2024_04002031,Sobrepeso,2024,0,0.0523,Mujer,26.0,CAMPECHE,Sobrepeso,28.462765658484283,4.3,0
2024_19041008,Sobrepeso,2024,0,0.0521,Mujer,48.0,PESQUERA,Sobrepeso,28.410283866633083,2.5,0
2024_23005195,Obesidad II,2024,0,0.0904,Mujer,28.0,BENITO JUAREZ,Obesidad II,35.4267631283026,5.4,0
2024_21207038,Sobrepeso,2024,0,0.1248,Hombre,22.0,ZACAPOAXTLA,Sobrepeso,26.72359139388006,4.7,0
2024_30196018,Sobrepeso,2024,0,0.0565,Mujer,56.0,YANGA,Sobrepeso,29.443541283186335,5.0,0
2024_10005005,Sobrepeso,2024,0,0.1105,Hombre,58.0,DURANGO,Sobrepeso,25.09727432853347,4.9,0
2024_28022076,Normal,2024,0,0.0773,Hombre,31.0,MATAMOROS,Normal,20.430101629471995,3.6,0
2024_07103023,Sobrepeso,2024,0,0.1109,Hombre,51.0,TUZANTLAN,Sobrepeso,25.13674242369125,5.3,0
2024_24050006,Sobrepeso,2024,0,0.1506,Hombre,28.0,VILLA DE REYES,Sobrepeso,29.30192473427176,4.4,1
2024_02005014,Obesidad III,2024,1,0.2245,Mujer,53.0,PLAYAS DE ROSARITO,Obesidad III,48.09271856890905,6.1,1
2024_23005187,Normal,2024,0,0.0755,Hombre,21.0,BENITO JUAREZ,Normal,20.12720248717786,5.7,0
2024_32052004,Sobrepeso,2024,0,0.1374,Hombre,37.0,VILLA GARCA,Sobrepeso,28.03775140751623,6.2,0
2024_20310017,Normal,2024,0,0.1095,Hombre,38.0,SAN PEDRO IXTLAHUACA,Normal,24.96955030098969,4.4,0
2024_29004016,Normal,2024,0,0.028,Mujer,30.0,ATLTZAYANCA,Normal,20.746406442943357,3.9,0
2024_03008177,Bajo peso,2024,0,0.0227,Mujer,25.0,LOS CABOS,Bajo peso,18.218322427126715,2.7,0
2024_17018027,Sobrepeso,2024,0,0.157,Hombre,51.0,TEMIXCO,Sobrepeso,29.88700507303331,5.3,1
2024_19031092,Obesidad I,2024,0,0.1736,Hombre,52.0,JUAREZ,Obesidad I,31.31479525398343,5.6,1
2024_28022079,Sobrepeso,2024,0,0.0493,Mujer,42.0,MATAMOROS,Sobrepeso,27.73333333333333,2.6,0
2024_01001074,Sobrepeso,2024,0,0.0522,Mujer,34.0,AGUASCALIENTES,Sobrepeso,28.44874139953332,4.2,0
2024_01001368,Obesidad I,2024,0,0.0642,Mujer,37.0,AGUASCALIENTES,Obesidad I,31.05042949857881,3.6,0
2024_10006003,Obesidad II,2024,0,0.1009,Mujer,43.0,GENERAL SIMN BOLVAR,Obesidad II,36.877399970052586,4.9,0
2024_07051007,Sobrepeso,2024,0,0.0514,Mujer,32.0,MAPASTEPEC,Sobrepeso,28.260081116558567,2.8,0
2024_12051015,Sobrepeso,2024,0,0.1236,Hombre,32.0,QUECHULTENANGO,Sobrepeso,26.589440855424368,4.3,0
2024_01001289,Sobrepeso,2024,1,0.0525,Mujer,50.0,AGUASCALIENTES,Sobrepeso,28.515624999999996,6.4,0
2024_27004129,Sobrepeso,2024,0,0.0545,Mujer,34.0,CENTRO,Sobrepeso,28.9781922975294,3.6,0
2024_31050020,Obesidad I,2024,0,0.2181,Hombre,33.0,MRIDA,Obesidad I,34.672607918082115,4.8,1
2024_01001175,Obesidad II,2024,0,0.0903,Mujer,23.0,AGUASCALIENTES,Obesidad II,35.41463461617537,5.2,0
2024_12012021,Obesidad III,2024,0,0.3056,Hombre,38.0,AYUTLA DE LOS LIBRES,Obesidad III,40.07346189164371,6.2,1
2024_30177025,Obesidad I,2024,1,0.1673,Hombre,21.0,TLACOLULAN,Obesidad I,30.783390650555653,7.1,1
2024_24025011,Normal,2024,0,0.0233,Mujer,22.0,SALINAS,Normal,18.556890444936663,3.7,0
2024_18017160,Sobrepeso,2024,0,0.1202,Hombre,51.0,TEPIC,Sobrepeso,26.220304477737567,5.4,0
2024_11009013,Normal,2024,0,0.0944,Hombre,25.0,COMONFORT,Normal,23.01490396728492,3.6,0
2024_10008003,Bajo peso,2024,0,0.0658,Hombre,24.0,GUADALUPE VICTORIA,Bajo peso,18.37628225705615,5.3,0
2024_01001216,Obesidad I,2024,0,0.0759,Mujer,50.0,AGUASCALIENTES,Obesidad I,33.16935460555003,4.6,0
2024_29019024,Obesidad II,2024,0,0.0879,Mujer,45.0,TEPETITLA DE LARDIZBAL,Obesidad II,35.06666666666667,5.4,0
2024_20397049,Sobrepeso,2024,1,0.1241,Hombre,60.0,HEROICA CIUDAD DE TLAXIACO,Sobrepeso,26.652802682256574,7.6,0
2024_06007032,Obesidad III,2024,1,0.5515,Hombre,30.0,MANZANILLO,Obesidad III,52.23859137919466,7.5,1
2024_28003083,Sobrepeso,2024,0,0.0578,Mujer,,ALTAMIRA,Sobrepeso,29.7127540173005,5.3,0
2024_31048020,Obesidad I,2024,0,0.0626,Mujer,29.0,MAXCAN,Obesidad I,30.73035123050297,4.2,0
2024_19039297,Sobrepeso,2024,0,0.0512,Mujer,31.0,MONTERREY,Sobrepeso,28.203026359864985,4.1,0
2024_10012022,Sobrepeso,2024,0,0.0447,Mujer,30.0,LERDO,Sobrepeso,26.5011997606244,4.3,0
2024_32010059,Normal,2024,0,0.0391,Mujer,39.0,FRESNILLO,Normal,24.848524159824176,3.2,0
2024_18006030,Obesidad I,2024,0,0.0733,Mujer,31.0,IXTLN DEL RO,Obesidad I,32.722917894607455,5.4,0
2024_14120022,Obesidad I,2024,0,0.0727,Mujer,34.0,ZAPOPAN,Obesidad I,32.618885865579685,4.8,0
2024_06009056,Obesidad II,2024,0,0.1145,Mujer,23.0,TECOMAN,Obesidad II,38.55551994872616,5.3,0
2024_30134004,Obesidad I,2024,0,0.0821,Mujer,54.0,PUENTE NACIONAL,Obesidad I,34.193147520107104,4.6,0
2024_10005139,Normal,2024,0,0.0987,Hombre,21.0,DURANGO,Normal,23.594221938062,7.0,0
2024_19031110,Obesidad I,2024,0,0.0603,Mujer,38.0,JUAREZ,Obesidad I,30.245063324146237,4.5,0
2024_23004041,Normal,2024,0,0.0951,Hombre,55.0,OTHN P. BLANCO,Normal,23.11049394961317,6.7,0
2024_06007107,Obesidad II,2024,0,0.2301,Hombre,29.0,MANZANILLO,Obesidad II,35.48559596555336,4.0,1
2024_04002092,Normal,2024,0,0.0234,Mujer,33.0,CAMPECHE,Normal,18.563896933244223,3.4,0
2024_01001186,Sobrepeso,2024,0,0.0451,Mujer,32.0,AGUASCALIENTES,Sobrepeso,26.617323983566568,3.6,0
2024_26043016,Obesidad III,2024,1,0.1737,Mujer,37.0,NOGALES,Obesidad III,44.30635166673216,6.6,1
2024_12012011,Normal,2024,0,0.0312,Mujer,31.0,AYUTLA DE LOS LIBRES,Normal,22.096886347832807,3.7,0
2024_23005165,Obesidad I,2024,0,0.0685,Mujer,30.0,BENITO JUAREZ,Obesidad I,31.872382978553865,3.2,0
2024_24008005,Sobrepeso,2024,0,0.0572,Mujer,53.0,CERRITOS,Sobrepeso,29.584510474712022,5.0,0
2024_10007036,Sobrepeso,2024,0,0.1228,Hombre,55.0,GMEZ PALACIO,Sobrepeso,26.510179786941787,5.0,0
2024_10005103,Normal,2024,0,0.0388,Mujer,52.0,DURANGO,Normal,24.76688960287206,3.6,0
2024_21207038,Obesidad I,2024,0,0.1981,Hombre,47.0,ZACAPOAXTLA,Obesidad I,33.234422182547554,6.4,1
2024_14032023,Normal,2024,0,0.0344,Mujer,46.0,CHIQUILISTLN,Normal,23.290852898093764,5.1,0
2024_22014135,Obesidad I,2024,0,0.2121,Hombre,32.0,QUERTARO,Obesidad I,34.24929751729804,6.6,1
2024_01001325,Sobrepeso,2024,0,0.0452,Mujer,29.0,AGUASCALIENTES,Sobrepeso,26.658564845842,4.1,0
2024_07103035,Obesidad II,2024,0,0.2472,Hombre,49.0,TUZANTLAN,Obesidad II,36.60367850844042,6.3,1
2024_03003115,Sobrepeso,2024,1,0.1301,Hombre,38.0,LA PAZ,Sobrepeso,27.290303390838798,7.1,0
2024_19018013,Normal,2024,0,0.0801,Hombre,31.0,GARCA,Normal,20.87895709944963,3.9,0
2024_19031116,Obesidad I,2024,0,0.0666,Mujer,48.0,JUAREZ,Obesidad I,31.513879465871504,4.4,0
2024_15033002,Sobrepeso,2024,0,0.0438,Mujer,29.0,ECATEPEC DE MORELOS,Sobrepeso,26.271500992963595,4.5,0
2024_04002002,Sobrepeso,2024,0,0.1287,Hombre,30.0,CAMPECHE,Sobrepeso,27.139166911197915,4.2,0
2024_22014059,Sobrepeso,2024,0,0.1316,Hombre,54.0,QUERTARO,Sobrepeso,27.444819310270884,2.4,0
2024_28033008,Normal,2024,0,0.0895,Hombre,45.0,RO BRAVO,Normal,22.32068467105893,3.9,0
2024_07051050,Normal,2024,0,0.0274,Mujer,30.0,MAPASTEPEC,Normal,20.515157356169333,3.4,0
2024_07103023,Sobrepeso,2024,1,0.1286,Hombre,32.0,TUZANTLAN,Sobrepeso,27.132550249593663,7.5,0
2024_20310003,Normal,2024,0,0.0264,Mujer,21.0,SAN PEDRO IXTLAHUACA,Normal,20.030219026377445,4.8,0
2024_19006133,Sobrepeso,2024,0,0.1324,Hombre,25.0,APODACA,Sobrepeso,27.526016408964548,6.4,0
2024_17003010,Normal,2024,0,0.0376,Mujer,35.0,AXOCHIAPAN,Normal,24.391226418309973,4.0,0
2024_32019011,Sobrepeso,2024,0,0.1326,Hombre,51.0,JALPA,Sobrepeso,27.55090519025933,4.8,0
2024_20021011,Sobrepeso,2024,0,0.1457,Hombre,55.0,COSOLAPA,Sobrepeso,28.84178810592969,4.9,0
2024_11009002,Sobrepeso,2024,1,0.1426,Hombre,45.0,COMONFORT,Sobrepeso,28.55075976234017,7.2,0
2024_31050012,Obesidad III,2024,0,0.35,Mujer,40.0,MRIDA,Obesidad III,55.444708689756,5.7,1
2024_17029057,Sobrepeso,2024,0,0.0419,Mujer,58.0,YAUTEPEC,Sobrepeso,25.70643679612189,4.1,0
2024_19026080,Sobrepeso,2024,0,0.0423,Mujer,46.0,GUADALUPE,Sobrepeso,25.816630212628635,4.9,0
2024_01001016,Sobrepeso,2024,0,0.0487,Mujer,57.0,AGUASCALIENTES,Sobrepeso,27.57318834703804,4.9,0
2024_30026031,Sobrepeso,2024,0,0.1111,Hombre,22.0,BANDERILLA,Sobrepeso,25.16691423915392,4.1,0
2024_15060016,Normal,2024,1,0.0949,Hombre,52.0,NICOLS ROMERO,Normal,23.085399449035812,8.3,0
2024_11009025,Normal,2024,0,0.0267,Mujer,28.0,COMONFORT,Normal,20.19283129447204,2.2,0
2024_20397061,Obesidad I,2024,0,0.0819,Mujer,59.0,HEROICA CIUDAD DE TLAXIACO,Obesidad I,34.15138998995325,6.0,0
2024_32056029,Sobrepeso,2024,0,0.1414,Hombre,44.0,ZACATECAS,Sobrepeso,28.4341496912758,6.5,0
2024_07115002,Normal,2024,0,0.0306,Mujer,48.0,MARAVILLA TENEJAPA,Normal,21.835477245703167,2.6,0
2024_10007029,Normal,2024,0,0.0394,Mujer,50.0,GMEZ PALACIO,Normal,24.9551719381638,4.4,0
2024_31069019,Sobrepeso,2024,0,0.0531,Mujer,35.0,SOTUTA,Sobrepeso,28.64639801384973,2.4,0
2024_05007005,Normal,2024,0,0.0372,Mujer,40.0,CUATRO CIENEGAS,Normal,24.23729031925585,4.0,0
2024_32036017,Obesidad III,2024,0,0.1523,Mujer,54.0,OJOCALIENTE,Obesidad III,42.44094151821949,5.1,1
2024_18006035,Sobrepeso,2024,0,0.0584,Mujer,29.0,IXTLN DEL RO,Sobrepeso,29.84654805215225,3.9,0
2024_15024022,Obesidad I,2024,0,0.0653,Mujer,30.0,CUAUTITLN,Obesidad I,31.263256000644656,5.1,0
2024_04002037,Obesidad III,2024,0,0.2997,Mujer,36.0,CAMPECHE,Obesidad III,52.72236754623077,3.3,1
2024_01001243,Sobrepeso,2024,0,0.0472,Mujer,32.0,AGUASCALIENTES,Sobrepeso,27.18193777014148,4.2,0
2024_19041008,Obesidad I,2024,0,0.0741,Mujer,28.0,PESQUERA,Obesidad I,32.86939437754551,4.0,0
2024_01001095,Obesidad II,2024,0,0.0875,Mujer,59.0,AGUASCALIENTES,Obesidad II,35.00719322722881,4.1,0
2024_20023006,Normal,2024,0,0.037,Mujer,45.0,CUILPAM DE GUERRERO,Normal,24.162211457761973,3.8,0
2024_20021019,Obesidad I,2024,0,0.1915,Hombre,48.0,COSOLAPA,Obesidad I,32.73168842844872,4.5,1
2024_19031085,Obesidad I,2024,0,0.0714,Mujer,24.0,JUAREZ,Obesidad I,32.3890058866232,4.3,0
2024_19031120,Normal,2024,0,0.1048,Hombre,31.0,JUAREZ,Normal,24.39100693934151,4.5,0
2024_17006014,Normal,2024,0,0.034,Mujer,34.0,CUAUTLA,Normal,23.14923912470925,4.4,0
2024_24028067,Obesidad II,2024,1,0.2458,Hombre,36.0,SAN LUIS POTOS,Obesidad II,36.516518698014224,7.7,1
2024_29002035,Sobrepeso,2024,0,0.0587,Mujer,42.0,APETATITLN DE ANTONIO CARVAJAL,Sobrepeso,29.911958424897925,5.2,0
2024_18017098,Obesidad II,2024,0,0.0976,Mujer,39.0,TEPIC,Obesidad II,36.4388122507755,4.8,0
2024_13080007,Sobrepeso,2024,0,0.0559,Mujer,34.0,YAHUALICA,Sobrepeso,29.30615988635473,4.4,0
2024_18006004,Sobrepeso,2024,1,0.1209,Hombre,52.0,IXTLN DEL RO,Sobrepeso,26.302040816326528,7.3,0
2024_26002010,Normal,2024,0,0.0368,Mujer,28.0,AGUA PRIETA,Normal,24.10318906142064,4.0,0
2024_06002047,Sobrepeso,2024,0,0.0453,Mujer,24.0,COLIMA,Sobrepeso,26.68877988687816,4.8,0
2024_28027008,Obesidad I,2024,0,0.0772,Mujer,48.0,NUEVO LAREDO,Obesidad I,33.4012294551918,5.7,0
2024_32056022,Obesidad I,2024,0,0.0766,Mujer,51.0,ZACATECAS,Obesidad I,33.299851515416194,5.8,0
2024_14039009,Obesidad I,2024,0,0.0676,Mujer,52.0,GUADALAJARA,Obesidad I,31.704206077747283,3.7,0
2024_30151016,Obesidad I,2024,1,0.1922,Hombre,20.0,TAMIAHUA,Obesidad I,32.79063829037853,8.4,1
2024_03008019,Sobrepeso,2024,0,0.059,Mujer,34.0,LOS CABOS,Sobrepeso,29.97922285884043,4.5,0
2024_03008054,Normal,2024,0,0.0364,Mujer,24.0,LOS CABOS,Normal,23.978849703558925,3.3,0
2024_29002013,Obesidad III,2024,0,0.3045,Hombre,49.0,APETATITLN DE ANTONIO CARVAJAL,Obesidad III,40.01009389058571,5.5,1
2024_02004173,Obesidad III,2024,0,0.4222,Hombre,22.0,TIJUANA,Obesidad III,46.07780612244899,6.4,1
2024_04006002,Normal,2024,0,0.0303,Mujer,27.0,HOPELCHEN,Normal,21.74084222735176,3.7,0
2024_02004330,Obesidad III,2024,0,0.4004,Hombre,47.0,TIJUANA,Obesidad III,45.00855126016652,4.5,1
2024_11031025,Obesidad I,2024,0,0.06,Mujer,25.0,SAN FRANCISCO DEL RINCN,Obesidad I,30.189822928247946,4.5,0
2024_16030006,Obesidad I,2024,0,0.0643,Mujer,48.0,ECUANDUREO,Obesidad I,31.054687499999996,3.7,0
2024_20310016,Sobrepeso,2024,0,0.0545,Mujer,36.0,SAN PEDRO IXTLAHUACA,Sobrepeso,28.98652254612261,4.2,0
2024_13076027,Sobrepeso,2024,0,0.0514,Mujer,44.0,TULA DE ALLENDE,Sobrepeso,28.26107910396525,4.6,0
2024_32036020,Sobrepeso,2024,0,0.1333,Hombre,50.0,OJOCALIENTE,Sobrepeso,27.626180887500475,4.6,0
2024_05017067,Obesidad I,2024,0,0.1988,Hombre,50.0,MATAMOROS,Obesidad I,33.28279216525461,6.8,1
2024_27011004,Obesidad I,2024,0,0.1712,Hombre,58.0,JONUTA,Obesidad I,31.111555954561524,4.6,1
2024_18017048,Sobrepeso,2024,0,0.1284,Hombre,30.0,TEPIC,Sobrepeso,27.105734001637728,5.7,0
2024_19031086,Obesidad I,2024,0,0.0797,Mujer,28.0,JUAREZ,Obesidad I,33.80725121927648,5.4,0
2024_20324026,Sobrepeso,2024,0,0.0439,Mujer,38.0,SAN PEDRO POCHUTLA,Sobrepeso,26.29270646024297,3.9,0
2024_18017056,Normal,2024,0,0.0349,Mujer,32.0,TEPIC,Normal,23.454734651404785,2.8,0
2024_28022067,Sobrepeso,2024,0,0.0477,Mujer,33.0,MATAMOROS,Sobrepeso,27.31891392576724,5.3,0
2024_12001079,Sobrepeso,2024,0,0.0418,Mujer,28.0,ACAPULCO DE JUAREZ,Sobrepeso,25.671639712895345,4.6,0
2024_23008013,Obesidad I,2024,0,0.069,Mujer,31.0,SOLIDARIDAD,Obesidad I,31.96670135275754,5.4,0
2024_07115005,Obesidad I,2024,0,0.0846,Mujer,34.0,MARAVILLA TENEJAPA,Obesidad I,34.57818149535123,3.6,0
2024_17003012,Sobrepeso,2024,0,0.1573,Hombre,35.0,AXOCHIAPAN,Sobrepeso,29.91486605671022,5.1,1
2024_19006012,Normal,2024,0,0.1062,Hombre,22.0,APODACA,Normal,24.56072189962645,4.3,0
2024_27006020,Obesidad I,2024,0,0.1779,Hombre,44.0,CUNDUACN,Obesidad I,31.667755787118924,5.0,1
2024_08025001,Obesidad I,2024,0,0.0684,Mujer,51.0,GOMEZ FARIAS,Obesidad I,31.84868567609712,5.3,0
2024_26029045,Obesidad I,2024,0,0.0757,Mujer,34.0,GUAYMAS,Obesidad I,33.13451160565401,4.2,0
2024_17006029,Sobrepeso,2024,0,0.1234,Hombre,47.0,CUAUTLA,Sobrepeso,26.57795479458675,7.0,0
2024_19026084,Sobrepeso,2024,1,0.1397,Hombre,25.0,GUADALUPE,Sobrepeso,28.26379723108776,7.2,0
2024_21164025,Sobrepeso,2024,0,0.1339,Hombre,24.0,TEPEACA,Sobrepeso,27.68552342044136,5.6,0
2024_27016066,Sobrepeso,2024,0,0.0463,Mujer,33.0,TEAPA,Sobrepeso,26.95334488581804,3.7,0
2024_31089013,Obesidad I,2024,0,0.0693,Mujer,39.0,TICUL,Obesidad I,32.01486965251966,4.5,0
2024_14039111,Normal,2024,0,0.0315,Mujer,27.0,GUADALAJARA,Normal,22.198805321939247,4.3,0
2024_22014084,Sobrepeso,2024,0,0.1461,Hombre,37.0,QUERTARO,Sobrepeso,28.8789757689682,5.0,0
2024_16062025,Obesidad III,2024,0,0.156,Mujer,30.0,PAJACUARN,Obesidad III,42.78561365122766,5.5,1
2024_20324016,Obesidad I,2024,0,0.0629,Mujer,47.0,SAN PEDRO POCHUTLA,Obesidad I,30.78221622951416,3.7,0
2024_07031031,Sobrepeso,2024,0,0.0566,Mujer,27.0,CHILON,Sobrepeso,29.466666666666665,4.5,0
2024_31056007,Sobrepeso,2024,0,0.0586,Mujer,30.0,OXKUTZCAB,Sobrepeso,29.88630020788559,3.9,0
2024_03008167,Obesidad I,2024,1,0.1906,Hombre,48.0,LOS CABOS,Obesidad I,32.6627941151984,7.3,1
2024_26030026,Obesidad III,2024,0,0.262,Mujer,44.0,HERMOSILLO,Obesidad III,50.512251875627605,5.1,1
2024_09007036,Obesidad II,2024,0,0.288,Hombre,36.0,IZTAPALAPA,Obesidad II,39.074987028550034,5.3,1
2024_01001115,Obesidad II,2024,0,0.0954,Mujer,52.0,AGUASCALIENTES,Obesidad II,36.134625178672486,5.3,0
2024_28041089,Bajo peso,2024,0,0.02,Mujer,23.0,VICTORIA,Bajo peso,16.678008990788754,2.9,0
2024_09007075,Normal,2024,0,0.1087,Hombre,37.0,IZTAPALAPA,Normal,24.87863162745233,5.4,0
2024_15100020,Sobrepeso,2024,0,0.0452,Mujer,43.0,TEZOYUCA,Sobrepeso,26.63724547416687,4.7,0
2024_04007015,Obesidad II,2024,0,0.1003,Mujer,25.0,PALIZADA,Obesidad II,36.79071491007996,3.9,0
2024_27006009,Sobrepeso,2024,0,0.0499,Mujer,56.0,CUNDUACN,Sobrepeso,27.888335106234635,3.7,0
2024_32010061,Obesidad I,2024,0,0.2184,Hombre,42.0,FRESNILLO,Obesidad I,34.69394116395462,5.8,1
2024_16099020,Sobrepeso,2024,0,0.0522,Mujer,52.0,TUZANTLA,Sobrepeso,28.43505264827714,4.0,0
2024_19039285,Normal,2024,0,0.0395,Mujer,44.0,MONTERREY,Normal,24.990871840642622,3.1,0
2024_12042029,Sobrepeso,2024,0,0.1326,Hombre,51.0,MRTIR DE CUILAPAN,Sobrepeso,27.549154092363963,5.3,0
2024_18006021,Obesidad III,2024,0,0.1475,Mujer,59.0,IXTLN DEL RO,Obesidad III,42.0,5.3,0
2024_20130007,Normal,2024,0,0.0976,Hombre,59.0,SAN DIONISIO DEL MAR,Normal,23.454444037776444,4.7,0
2024_22006020,Sobrepeso,2024,0,0.0578,Mujer,38.0,CORREGIDORA,Sobrepeso,29.72839061303545,5.0,0
2024_06010081,Obesidad I,2024,0,0.189,Hombre,31.0,VILLA DE ALVAREZ,Obesidad I,32.54533562377362,5.7,1
2024_13080025,Sobrepeso,2024,0,0.1118,Hombre,40.0,YAHUALICA,Sobrepeso,25.24538964901845,6.1,0
2024_29007023,Sobrepeso,2024,0,0.04,Mujer,57.0,EL CARMEN TEQUEXQUITLA,Sobrepeso,25.14586761661208,3.2,0
2024_26029046,Obesidad II,2024,0,0.2396,Hombre,42.0,GUAYMAS,Obesidad II,36.1176779616496,6.3,1
2024_04002107,Sobrepeso,2024,0,0.0405,Mujer,30.0,CAMPECHE,Sobrepeso,25.27693974303719,4.4,0
2024_03001036,Obesidad I,2024,0,0.195,Hombre,43.0,COMONDU,Obesidad I,33.0,6.0,1
2024_15109014,Obesidad I,2024,0,0.076,Mujer,59.0,TULTITLN,Obesidad I,33.18502075465809,3.9,0
2024_19010032,Sobrepeso,2024,0,0.1531,Hombre,40.0,EL CARMEN,Sobrepeso,29.535066057208688,5.9,1
2024_21010034,Normal,2024,0,0.0771,Hombre,22.0,AJALPAN,Normal,20.39877715553391,6.1,0
2024_01005024,Sobrepeso,2024,1,0.0521,Mujer,57.0,JESUS MARIA,Sobrepeso,28.421481812401023,6.4,0
2024_14039050,Obesidad I,2024,0,0.0633,Mujer,52.0,GUADALAJARA,Obesidad I,30.863683662851194,4.3,0
2024_31050151,Obesidad III,2024,0,0.3588,Hombre,59.0,MRIDA,Obesidad III,42.9175323109901,4.5,1
2024_17012009,Obesidad II,2024,0,0.2995,Hombre,34.0,JOJUTLA,Obesidad II,39.72674921901464,6.3,1
2024_19039308,Sobrepeso,2024,1,0.0457,Mujer,21.0,MONTERREY,Sobrepeso,26.789062499999996,6.3,0
2024_28022044,Normal,2024,0,0.027,Mujer,50.0,MATAMOROS,Normal,20.32296403127483,2.1,0
2024_21164001,Sobrepeso,2024,0,0.0573,Mujer,36.0,TEPEACA,Sobrepeso,29.607739407141977,4.4,0
2024_32051018,Sobrepeso,2024,0,0.1111,Hombre,60.0,VILLA DE COS,Sobrepeso,25.169314369364496,3.9,0
2024_21065033,Normal,2024,0,0.1034,Hombre,27.0,GENERAL FELIPE NGELES,Normal,24.212441731080013,5.8,0
2024_32017052,Obesidad II,2024,1,0.2741,Hombre,41.0,GUADALUPE,Obesidad II,38.256616298366666,7.5,1
2024_30081020,Obesidad II,2024,0,0.105,Mujer,36.0,IXHUATLANCILLO,Obesidad II,37.3968188665966,5.0,0
2024_05035001,Obesidad II,2024,0,0.122,Mujer,41.0,TORREON,Obesidad II,39.40790118615822,4.9,0
2024_30008006,Sobrepeso,2024,0,0.0503,Mujer,46.0,ALPATLAHUAC,Sobrepeso,27.96771620982987,3.9,0
2024_06010052,Obesidad II,2024,0,0.0924,Mujer,59.0,VILLA DE ALVAREZ,Obesidad II,35.71705847493037,5.2,0
2024_13080031,Normal,2024,0,0.106,Hombre,46.0,YAHUALICA,Normal,24.545082769077435,5.0,0
2024_27004021,Normal,2024,0,0.0383,Mujer,43.0,CENTRO,Normal,24.6148468148476,3.9,0
2024_20318020,Obesidad I,2024,0,0.1934,Hombre,48.0,SAN PEDRO MIXTEPEC,Obesidad I,32.87850195964581,6.5,1
2024_06004017,Obesidad III,2024,0,0.5097,Hombre,55.0,COQUIMATLAN,Obesidad III,50.250842058274486,4.5,1
2024_03001070,Sobrepeso,2024,1,0.0499,Mujer,53.0,COMONDU,Sobrepeso,27.881999210072067,6.6,0
2024_31041048,Obesidad I,2024,0,0.2004,Hombre,55.0,KANASN,Obesidad I,33.40693452573424,4.8,1
2024_16051009,Sobrepeso,2024,0,0.0511,Mujer,45.0,MARCOS CASTELLANOS,Sobrepeso,28.173139121882063,5.1,0
2024_24008009,Obesidad II,2024,0,0.1062,Mujer,43.0,CERRITOS,Obesidad II,37.549283434507785,4.6,0
2024_04006004,Obesidad I,2024,0,0.0648,Mujer,30.0,HOPELCHEN,Obesidad I,31.154530688618205,3.3,0
2024_02004109,Obesidad I,2024,0,0.0686,Mujer,24.0,TIJUANA,Obesidad I,31.887125220458557,4.0,0
2024_19006075,Obesidad I,2024,0,0.2087,Hombre,56.0,APODACA,Obesidad I,34.00931803654478,5.1,1
2024_27013014,Normal,2024,0,0.0281,Mujer,52.0,NACAJUCA,Normal,20.802177430978823,3.1,0
2024_21057010,Sobrepeso,2024,0,0.0546,Mujer,47.0,HONEY,Sobrepeso,29.0,3.6,0
2024_22018021,Normal,2024,0,0.0322,Mujer,59.0,TOLIMN,Normal,22.48108395611897,3.9,0
2024_22014032,Normal,2024,0,0.0317,Mujer,36.0,QUERTARO,Normal,22.28292834438049,3.3,0
2024_20310022,Sobrepeso,2024,0,0.0585,Mujer,34.0,SAN PEDRO IXTLAHUACA,Sobrepeso,29.871077244661087,4.4,0
2024_11008002,Obesidad I,2024,0,0.1975,Hombre,32.0,MANUEL DOBLADO,Obesidad I,33.190485818225014,4.7,1
2024_08036018,Sobrepeso,2024,0,0.0519,Mujer,29.0,JIMENEZ,Sobrepeso,28.365293089588924,4.3,0
2024_06007053,Bajo peso,2024,0,0.0603,Hombre,43.0,MANZANILLO,Bajo peso,17.278733475888757,4.2,0
2024_04007020,Obesidad I,2024,0,0.0627,Mujer,38.0,PALIZADA,Obesidad I,30.743801652892568,3.1,0
2024_31089012,Obesidad I,2024,0,0.08,Mujer,31.0,TICUL,Obesidad I,33.84768541562967,3.9,0
2024_10007078,Sobrepeso,2024,0,0.1496,Hombre,40.0,GMEZ PALACIO,Sobrepeso,29.21137317529232,6.4,0
2024_29007021,Sobrepeso,2024,0,0.0521,Mujer,46.0,EL CARMEN TEQUEXQUITLA,Sobrepeso,28.42019174993461,4.2,0
2024_30032010,Sobrepeso,2024,0,0.1134,Hombre,48.0,CATEMACO,Sobrepeso,25.43617998163453,6.2,0
2024_26025005,Obesidad II,2024,0,0.1121,Mujer,22.0,EMPALME,Obesidad II,38.263656072855255,4.6,0
2024_08019079,Obesidad I,2024,0,0.0747,Mujer,44.0,CHIHUAHUA,Obesidad I,32.967935670539696,3.7,0
2024_29007023,Obesidad III,2024,0,0.3488,Hombre,44.0,EL CARMEN TEQUEXQUITLA,Obesidad III,42.39811744646602,5.6,1
2024_18006005,Sobrepeso,2024,0,0.0565,Mujer,30.0,IXTLN DEL RO,Sobrepeso,29.43868737911785,4.8,0
2024_04006028,Normal,2024,0,0.0325,Mujer,60.0,HOPELCHEN,Normal,22.60551965348384,4.0,0
2024_10039020,Sobrepeso,2024,0,0.0414,Mujer,46.0,NUEVO IDEAL,Sobrepeso,25.56352288401919,4.8,0
2024_22006057,Normal,2024,1,0.0932,Hombre,50.0,CORREGIDORA,Normal,22.847843175496404,8.4,0
2024_13018002,Sobrepeso,2024,0,0.0419,Mujer,41.0,CHAPULHUACN,Sobrepeso,25.70687940006121,4.0,0
2024_31101001,Obesidad II,2024,0,0.1057,Mujer,30.0,UMN,Obesidad II,37.49164588325428,5.1,0
2024_20500010,Sobrepeso,2024,0,0.1361,Hombre,33.0,SANTIAGO YOSONDA,Sobrepeso,27.910211861399016,5.1,0
2024_05033025,Sobrepeso,2024,1,0.1508,Hombre,46.0,SAN PEDRO,Sobrepeso,29.328032563003426,7.8,1
2024_19006051,Normal,2024,0,0.0318,Mujer,22.0,APODACA,Normal,22.31807021835866,3.1,0
2024_30087014,Sobrepeso,2024,0,0.1192,Hombre,36.0,XALAPA,Sobrepeso,26.101453426458384,6.5,0
2024_09007078,Sobrepeso,2024,0,0.0457,Mujer,50.0,IZTAPALAPA,Sobrepeso,26.786244962017346,3.5,0
2024_30151003,Obesidad I,2024,1,0.0632,Mujer,58.0,TAMIAHUA,Obesidad I,30.853178627936224,9.6,0
2024_30151016,Obesidad I,2024,0,0.0591,Mujer,60.0,TAMIAHUA,Obesidad I,30.0,3.9,0
2024_10008010,Obesidad I,2024,0,0.0862,Mujer,41.0,GUADALUPE VICTORIA,Obesidad I,34.82233151801811,4.8,0
2024_29019012,Obesidad III,2024,0,0.16,Mujer,55.0,TEPETITLA DE LARDIZBAL,Obesidad III,43.135218652246046,4.8,1
2024_07013023,Sobrepeso,2024,0,0.0409,Mujer,31.0,BOCHIL,Sobrepeso,25.4155519494759,3.5,0
2024_27005019,Sobrepeso,2024,0,0.0534,Mujer,41.0,COMALCALCO,Sobrepeso,28.722506424604685,3.9,0
2024_04011030,Obesidad I,2024,0,0.0805,Mujer,29.0,CANDELARIA,Obesidad I,33.92759192113967,5.2,0
2024_29004016,Sobrepeso,2024,1,0.1552,Hombre,58.0,ATLTZAYANCA,Sobrepeso,29.726766739753756,7.3,1
2024_28003019,Sobrepeso,2024,0,0.1227,Hombre,52.0,ALTAMIRA,Sobrepeso,26.501031992742192,6.4,0
2024_27016049,Sobrepeso,2024,0,0.0532,Mujer,57.0,TEAPA,Sobrepeso,28.67238256860982,4.8,0
2024_11017011,Sobrepeso,2024,0,0.0414,Mujer,46.0,IRAPUATO,Sobrepeso,25.56447673463735,4.3,0
2024_12001098,Obesidad II,2024,0,0.1071,Mujer,39.0,ACAPULCO DE JUAREZ,Obesidad II,37.66619262448261,4.8,0
2024_10013014,Normal,2024,0,0.0361,Mujer,25.0,MAPIM,Normal,23.860981102019828,2.6,0
2024_30087046,Obesidad I,2024,0,0.2068,Hombre,52.0,XALAPA,Obesidad I,33.869659275283944,6.0,1
2024_20057018,Sobrepeso,2024,0,0.1348,Hombre,58.0,MATAS ROMERO AVENDAO,Sobrepeso,27.777511526037824,5.7,0
2024_01001349,Obesidad I,2024,0,0.0627,Mujer,54.0,AGUASCALIENTES,Obesidad I,30.74913760347435,3.7,0
2024_20130016,Obesidad I,2024,0,0.0605,Mujer,43.0,SAN DIONISIO DEL MAR,Obesidad I,30.297395647287757,3.0,0
2024_30008029,Sobrepeso,2024,0,0.126,Hombre,33.0,ALPATLAHUAC,Sobrepeso,26.84970414201184,5.3,0
2024_12012018,Sobrepeso,2024,0,0.0465,Mujer,36.0,AYUTLA DE LOS LIBRES,Sobrepeso,27.00964340128285,4.2,0
2024_27005011,Sobrepeso,2024,0,0.057,Mujer,21.0,COMALCALCO,Sobrepeso,29.555263651717024,5.4,0
2024_32036025,Obesidad I,2024,0,0.0663,Mujer,50.0,OJOCALIENTE,Obesidad I,31.46005509641874,2.7,0
2024_17006013,Sobrepeso,2024,0,0.1322,Hombre,43.0,CUAUTLA,Sobrepeso,27.50389445900533,4.6,0
2024_05017058,Sobrepeso,2024,0,0.1131,Hombre,57.0,MATAMOROS,Sobrepeso,25.400990135109662,3.9,0
2024_32039030,Sobrepeso,2024,0,0.0575,Mujer,39.0,RO GRANDE,Sobrepeso,29.65985946504168,4.6,0
2024_04002049,Obesidad I,2024,0,0.0707,Mujer,25.0,CAMPECHE,Obesidad I,32.26948229575917,3.1,0
2024_05030132,Obesidad I,2024,0,0.2201,Hombre,43.0,SALTILLO,Obesidad I,34.81098935294025,6.9,1
2024_19031094,Obesidad I,2024,0,0.2202,Hombre,35.0,JUAREZ,Obesidad I,34.816571059844534,5.1,1
2024_28003058,Obesidad I,2024,0,0.0811,Mujer,54.0,ALTAMIRA,Obesidad I,34.03360848360316,3.5,0
2024_07051004,Sobrepeso,2024,0,0.0404,Mujer,24.0,MAPASTEPEC,Sobrepeso,25.269880907101097,4.1,0
2024_19039068,Obesidad I,2024,0,0.0748,Mujer,37.0,MONTERREY,Obesidad I,32.99271271557393,3.8,0
2024_27004087,Obesidad I,2024,0,0.1845,Hombre,43.0,CENTRO,Obesidad I,32.19281521189017,5.1,1
2024_30123022,Obesidad II,2024,0,0.2287,Hombre,47.0,PNUCO,Obesidad II,35.39215380293999,5.2,1
2024_22016011,Sobrepeso,2024,0,0.1451,Hombre,52.0,SAN JUAN DEL RO,Sobrepeso,28.78955426388063,6.6,0
2024_05025016,Obesidad I,2024,0,0.1954,Hombre,35.0,PIEDRAS NEGRAS,Obesidad I,33.033431888146055,5.8,1
2024_14120009,Obesidad III,2024,0,0.1371,Mujer,50.0,ZAPOPAN,Obesidad III,40.98598263289444,5.5,0
2024_15033004,Sobrepeso,2024,0,0.1318,Hombre,58.0,ECATEPEC DE MORELOS,Sobrepeso,27.46433171540025,4.7,0
2024_02004209,Obesidad I,2024,0,0.0726,Mujer,34.0,TIJUANA,Obesidad I,32.61103582781373,4.7,0
2024_11009027,Sobrepeso,2024,0,0.1178,Hombre,20.0,COMONFORT,Sobrepeso,25.94834065108184,6.3,0
2024_28003019,Sobrepeso,2024,0,0.0537,Mujer,44.0,ALTAMIRA,Sobrepeso,28.79143013849522,3.4,0
2024_28003057,Obesidad I,2024,0,0.0756,Mujer,30.0,ALTAMIRA,Obesidad I,33.11965811965811,5.5,0
2024_13057016,Normal,2024,0,0.093,Hombre,39.0,SINGUILUCAN,Normal,22.816834132277936,4.8,0
2024_20021012,Obesidad I,2024,0,0.0784,Mujer,22.0,COSOLAPA,Obesidad I,33.58828001817425,5.0,0
2024_18017135,Normal,2024,0,0.0728,Hombre,50.0,TEPIC,Normal,19.6582705982297,5.1,0
2024_15094035,Normal,2024,0,0.1003,Hombre,24.0,TEPETLIXPA,Normal,23.814852825574288,5.1,0
2024_32056024,Obesidad I,2024,0,0.1651,Hombre,45.0,ZACATECAS,Obesidad I,30.600475880297807,6.7,1
2024_13080005,Obesidad I,2024,0,0.2042,Hombre,30.0,YAHUALICA,Obesidad I,33.68409382766235,6.1,1
2024_17003020,Obesidad I,2024,1,0.2017,Hombre,53.0,AXOCHIAPAN,Obesidad I,33.502439239934766,7.3,1
2024_18020009,Normal,2024,0,0.1073,Hombre,26.0,BAHA DE BANDERAS,Normal,24.70069313169502,4.8,0
2024_10007005,Obesidad I,2024,0,0.1622,Hombre,52.0,GMEZ PALACIO,Obesidad I,30.34306738935184,5.2,1
2024_28021015,Sobrepeso,2024,0,0.1515,Hombre,35.0,EL MANTE,Sobrepeso,29.389609203798397,4.7,1
2024_16088026,Sobrepeso,2024,0,0.0518,Mujer,43.0,TARMBARO,Sobrepeso,28.348394316362597,3.2,0
2024_12001074,Normal,2024,0,0.0393,Mujer,30.0,ACAPULCO DE JUAREZ,Normal,24.906277925908707,3.6,0
2024_04011036,Sobrepeso,2024,0,0.0503,Mujer,56.0,CANDELARIA,Sobrepeso,27.979210024280256,4.1,0
2024_17029022,Normal,2024,0,0.0384,Mujer,26.0,YAUTEPEC,Normal,24.634434107047312,3.1,0
2024_19039225,Sobrepeso,2024,0,0.1496,Hombre,48.0,MONTERREY,Sobrepeso,29.21429961051896,4.8,0
2024_17012004,Obesidad I,2024,0,0.0754,Mujer,30.0,JOJUTLA,Obesidad I,33.09066843150232,4.0,0
2024_19039093,Obesidad III,2024,0,0.1369,Mujer,30.0,MONTERREY,Obesidad III,40.970641564754445,4.1,0
2024_21207036,Normal,2024,0,0.0693,Hombre,45.0,ZACAPOAXTLA,Normal,19.022277077160776,4.7,0
2024_28021031,Obesidad II,2024,0,0.0968,Mujer,21.0,EL MANTE,Obesidad II,36.33378559179905,4.7,0
2024_29002018,Normal,2024,0,0.0393,Mujer,40.0,APETATITLN DE ANTONIO CARVAJAL,Normal,24.90973264635482,3.7,0
2024_28022033,Obesidad I,2024,0,0.1832,Hombre,46.0,MATAMOROS,Obesidad I,32.09088231739584,6.7,1
2024_30026003,Sobrepeso,2024,0,0.1116,Hombre,32.0,BANDERILLA,Sobrepeso,25.229652150802583,5.0,0
2024_22014144,Obesidad II,2024,0,0.122,Mujer,43.0,QUERTARO,Obesidad II,39.40063683604431,5.3,0
2024_18008023,Sobrepeso,2024,0,0.0467,Mujer,50.0,XALISCO,Sobrepeso,27.06608081390849,5.3,0
2024_31104003,Sobrepeso,2024,0,0.0538,Mujer,40.0,YAXCAB,Sobrepeso,28.82152266022411,3.0,0
2024_19026065,Obesidad I,2024,0,0.0608,Mujer,51.0,GUADALUPE,Obesidad I,30.35925113847192,5.2,0
2024_14008027,Sobrepeso,2024,0,0.0581,Mujer,57.0,ARANDAS,Sobrepeso,29.77777777777778,5.7,0
2024_10005056,Sobrepeso,2024,0,0.1417,Hombre,47.0,DURANGO,Sobrepeso,28.462027502489164,5.1,0
2024_30008028,Sobrepeso,2024,0,0.0462,Mujer,40.0,ALPATLAHUAC,Sobrepeso,26.910083761395715,4.0,0
2024_30175014,Obesidad III,2024,0,0.2161,Mujer,41.0,TIHUATLN,Obesidad III,47.51787687115298,5.0,1
